INDEX,UTM_X,UTM_Y,LON,LAT
0,250204.63152266384,3688246.6356528895,126.317125,33.3044035
1,250204.78468553835,3688246.508965459,126.31712667844198,33.304402397000004
2,250204.94225520888,3688246.385601235,126.31712840326604,33.304401324000004
3,250205.08118874472,3688246.251873605,126.3171299309448,33.30440015
4,250205.24335563832,3688246.131091523,126.3171317046612,33.3043991
5,250205.38706196065,3688245.9985086615,126.31713328287375,33.30439794
6,250205.5336022432,3688245.863039372,126.31713489265071,33.30439675
7,250205.6794968424,3688245.724962396,126.3171365,33.30439554
8,250205.8333,3688245.5931386417,126.31713818335167,33.304394386000006
9,250205.9740257814,3688245.450434543,126.31713973237017,33.304393133000005
10,250206.1253501869,3688245.315,126.3171413933254,33.30439195
11,250206.2732943601,3688245.1788740554,126.317143,33.30439076
12,250206.41548046723,3688245.039399116,126.31714458268604,33.30438953
13,250206.56939786827,3688244.9107875726,126.31714626977792,33.30438841
14,250206.76055614508,3688244.843004575,126.3171483395446,33.304387838000004
15,250206.93312488863,3688244.7354722233,126.31715022094076,33.30438692
16,250207.09145810307,3688244.608226112,126.31715195494444,33.3043858
17,250207.23377498784,3688244.485388671,126.31715351596462,33.30438473
18,250207.38012712589,3688244.347313668,126.31715512438848,33.30438352
19,250207.5358,3688244.225391085,126.31715682856036,33.30438245
20,250207.6910516874,3688244.097715727,126.3171585295744,33.30438134
21,250207.83853015967,3688243.9618904553,126.3171601495236,33.30438015
22,250207.9858660824,3688243.8264283896,126.31716176784984,33.304378963999994
23,250208.1345706253,3688243.7020363417,126.31716339779712,33.30437788
24,250208.28891840408,3688243.575963279,126.3171650888197,33.30437678
25,250208.41907549647,3688243.4283864647,126.31716652606468,33.30437548
26,250208.5619998921,3688243.288959024,126.31716809817075,33.30437425
27,250208.7088085341,3688243.1519008186,126.31716971127322,33.30437306
28,250208.84282359207,3688243.018580072,126.3171711860542,33.30437189
29,250208.98542900616,3688242.881450346,126.31717275410216,33.304370682999995
30,250209.12514034144,3688242.757756541,126.31717428719104,33.3043696
31,250209.25791746244,3688242.610651461,126.31717575280572,33.30436831
32,250209.39781147047,3688242.466364176,126.31717729356508,33.30436703
33,250209.53839073016,3688242.3237383296,126.31717884134856,33.30436578
34,250209.68382645995,3688242.1842204463,126.31718044041712,33.30436456
35,250209.83165431893,3688242.046097387,126.3171820647495,33.30436336
36,250209.97318534905,3688241.912,126.31718362044268,33.30436217
37,250210.1069,3688241.7611581753,126.31718509675234,33.30436085
38,250210.25022687443,3688241.6208232576,126.3171867,33.30435962
39,250210.3720038373,3688241.4639203097,126.31718802348428,33.30435823
40,250210.50439855337,3688241.317161754,126.31718948456744,33.304356940000005
41,250210.6376003532,3688241.168399512,126.31719095489863,33.30435563
42,250210.76106971697,3688241.015917756,126.3171923216794,33.30435428
43,250210.90658587168,3688240.878443111,126.31719392117428,33.30435308
44,250211.0502633851,3688240.742505273,126.31719550047352,33.30435189
45,250211.17442005328,3688240.5870955936,126.3171968754879,33.30435052
46,250211.30896515743,3688240.444623508,126.31719835849847,33.30434926
47,250211.44617021788,3688240.302083865,126.31719987005874,33.304348008999995
48,250211.5776,3688240.1542887287,126.3172013212998,33.30434672
49,250211.71041718044,3688240.007105436,126.31720278691688,33.30434541
50,250211.83529424213,3688239.8503775806,126.31720417006136,33.30434403
51,250211.95518310045,3688239.6969065466,126.31720549891084,33.30434268
52,250212.09015018216,3688239.548682215,126.3172069879498,33.30434137
53,250212.21300159392,3688239.390506896,126.31720834988889,33.30433998
54,250212.32976379056,3688239.2286224784,126.31720964737916,33.30433855
55,250212.45717924897,3688239.078195784,126.3172110561476,33.30433722
56,250212.57565369856,3688238.9187748223,126.3172123713628,33.30433581
57,250212.69367690003,3688238.7586628655,126.31721368196024,33.304334399000005
58,250212.8209058557,3688238.6062592696,126.31721508922472,33.304333056000004
59,250212.93859137653,3688238.4489049367,126.3172163954171,33.30433166
60,250213.05581807587,3688238.2883157646,126.31721769760168,33.30433024
61,250213.17347330708,3688238.1318063466,126.31721900325437,33.30432886
62,250213.29374443289,3688237.9723783694,126.3172203377908,33.30432745
63,250213.4125,3688237.8124216255,126.31722165569089,33.30432603
64,250213.55017591023,3688237.6668298594,126.31722317378596,33.30432476
65,250213.6657,3688237.509013311,126.31722445660014,33.304323364999995
66,250213.7946,3688237.359158779,126.3172258814701,33.304322041999995
67,250213.9273944639,3688237.2123380336,126.31722734670048,33.30432075
68,250214.04723655657,3688237.055651317,126.31722867582783,33.30431937
69,250214.17241835943,3688236.9025411424,126.3172300613754,33.30431801
70,250214.3016928688,3688236.761004069,126.31723148754408,33.30431677
71,250214.44166609496,3688236.617799599,126.31723302899464,33.30431551
72,250214.57533162367,3688236.472030608,126.31723450347012,33.304314223999995
73,250214.7017459444,3688236.3181045554,126.31723590228052,33.30431287
74,250214.83776000005,3688236.18,126.31723739991564,33.30431166
75,250214.96616519795,3688236.04,126.31723881633845,33.304310425000004
76,250215.08938935716,3688235.8820803007,126.3172402,33.304309032000006
77,250215.22774630447,3688235.735873394,126.31724170716096,33.30430775
78,250215.37198900088,3688235.6019617673,126.31724329184676,33.30430658
79,250215.5022637141,3688235.4551990815,126.31724473017545,33.30430528
80,250215.6464984693,3688235.317128672,126.3172463159409,33.30430407
81,250215.6464984693,3688235.317128672,126.3172463159409,33.30430407
82,250215.76576870785,3688235.1610189904,126.3172476388288,33.30430269
83,250215.8914445072,3688235.0086635337,126.3172490293625,33.30430135
84,250216.01700820948,3688234.8585925614,126.3172504180462,33.30430003
85,250216.1420197533,3688234.7069237833,126.3172518013813,33.30429869
86,250216.2784561008,3688234.563371354,126.3172533050171,33.30429743
87,250216.42670175136,3688234.4312402927,126.3172549321345,33.30429627
88,250216.5776105448,3688234.301000949,126.3172565873013,33.30429513
89,250216.7312111045,3688234.176573216,126.3172583,33.30429405
90,250216.8879300505,3688234.058,126.31726,33.30429302
91,250217.0505725369,3688233.945057112,126.3172617604267,33.30429204
92,250217.21310727316,3688233.832165925,126.31726353574508,33.30429106
93,250217.37988335764,3688233.7257546657,126.3172653544055,33.30429014
94,250217.5425866824,3688233.6156283887,126.3172671307837,33.30428918
95,250217.7046,3688233.5037944447,126.3172689,33.30428821
96,250217.8748,3688233.406,126.3172707532081,33.30428737
97,250218.0422950611,3688233.301596464,126.3172726,33.30428647
98,250218.2057617193,3688233.191867351,126.3172743636218,33.30428552
99,250218.3739230937,3688233.0897498494,126.3172761960573,33.30428464
100,250218.53547765483,3688232.979650293,126.31727796011748,33.30428368
101,250218.70307666488,3688232.875165777,126.3172797873343,33.30428278
102,250218.8646846033,3688232.766737708,126.3172815513946,33.30428184
103,250219.03457711125,3688232.6634986736,126.3172834026065,33.30428095
104,250219.19614935617,3688232.553952524,126.3172852,33.30428
105,250219.34818299813,3688232.4292211873,126.31728683243568,33.30427891
106,250219.51454013409,3688232.321780394,126.31728864717608,33.30427798
107,250219.67197829648,3688232.206577013,126.3172903682784,33.30427698
108,250219.82123164207,3688232.074623405,126.3172920061948,33.30427583
109,250219.97671496103,3688231.951128303,126.3172937085245,33.30427475
110,250220.1301023019,3688231.8261848246,126.3172954,33.30427366
111,250220.2837014104,3688231.701685695,126.31729707142888,33.30427257
112,250220.43324951667,3688231.5749854543,126.31729871116208,33.30427147
113,250220.57771502048,3688231.443882261,126.3173003,33.30427032
114,250220.72263651752,3688231.3114959593,126.3173019,33.30426916
115,250220.86721862564,3688231.181642407,126.3173034761908,33.30426802
116,250221.01390373544,3688231.047493984,126.31730508710548,33.30426685
117,250221.1635035956,3688230.9189249394,126.3173067276133,33.30426572
118,250221.29125971984,3688230.7741066767,126.3173081387196,33.30426445
119,250221.43610994235,3688230.6412447104,126.3173097295512,33.30426329
120,250221.58544926453,3688230.511468956,126.3173114,33.30426215
121,250221.7202426503,3688230.367405432,126.3173128539033,33.30426088
122,250221.8620139612,3688230.2312601446,126.3173144126987,33.30425969
123,250222.00426414897,3688230.0935871913,126.3173159770526,33.30425848
124,250222.14424584847,3688229.9569722754,126.3173175167751,33.30425728
125,250222.29471786163,3688229.829028515,126.3173192,33.30425617
126,250222.4297146499,3688229.6828579777,126.3173206555308,33.30425488
127,250222.58031220207,3688229.557424586,126.3173223060763,33.30425379
128,250222.7123998368,3688229.413045265,126.3173237632545,33.30425252
129,250222.8552562072,3688229.278,126.3173253,33.30425133
130,250222.9875,3688229.1320641967,126.3173267925019,33.30425005
131,250223.12524094447,3688228.991109543,126.3173283095237,33.30424881
132,250223.2778765369,3688228.864577965,126.31732998243749,33.30424771
133,250223.40898621824,3688228.716910226,126.31733142982088,33.3042464
134,250223.54720008007,3688228.576767645,126.3173329514994,33.30424517
135,250223.6863176312,3688228.4364021695,126.3173344829958,33.30424394
136,250223.8256969897,3688228.295714383,126.31733601739208,33.30424271
137,250223.9600804372,3688228.160340783,126.3173374969685,33.30424152
138,250224.1025594446,3688228.0231914944,126.3173390634155,33.30424032
139,250224.2408087873,3688227.884047511,126.3173405852423,33.30423909
140,250224.38214180744,3688227.748874012,126.3173421388461,33.30423791
141,250224.5279783823,3688227.617515972,126.3173437400647,33.30423676
142,250224.67504514425,3688227.486201023,126.3173454,33.30423561
143,250224.82721130768,3688227.365287423,126.31734702057028,33.30423456
144,250224.97812445823,3688227.239463825,126.3173487,33.30423346
145,250225.1240117107,3688227.1031038654,126.3173502776161,33.30423226
146,250225.27384216103,3688226.9750506366,126.3173519,33.30423114
147,250225.41827797928,3688226.8392066015,126.3173535079368,33.30422995
148,250225.56957010823,3688226.711113853,126.3173552,33.30422883
149,250225.71477752752,3688226.574253276,126.31735676252448,33.30422763
150,250225.8666219737,3688226.449878338,126.31735842614388,33.30422655
151,250226.01580908365,3688226.318442369,126.3173600633299,33.3042254
152,250226.1695645148,3688226.1988760014,126.3173617460316,33.30422436
153,250226.31400035607,3688226.063031981,126.3173633,33.30422317
154,250226.4640292308,3688225.9336658656,126.3173649789282,33.30422204
155,250226.616,3688225.812,126.3173666,33.30422098
156,250226.7668889647,3688225.6840652274,126.3173682974497,33.30421986
157,250226.8995302644,3688225.5395694175,126.31736976060928,33.30421859
158,250227.05509598888,3688225.421153357,126.3173714627471,33.30421756
159,250227.20166415043,3688225.289900392,126.3173730714289,33.30421641
160,250227.34909959568,3688225.1557760607,126.31737469047629,33.30421523
161,250227.49872245465,3688225.028381996,126.31737633103168,33.30421412
162,250227.65096567888,3688224.9002617816,126.317378,33.304213
163,250227.80320890024,3688224.7721415698,126.3173796689683,33.30421188
164,250227.94914977168,3688224.641547273,126.31738127094108,33.30421074
165,250228.10116309047,3688224.5160802337,126.3173829366701,33.30420964
166,250228.24677401423,3688224.382845754,126.3173845358833,33.30420848
167,250228.39766760275,3688224.2574046873,126.31738618961428,33.30420738
168,250228.54207126083,3688224.1242170855,126.3173877757185,33.30420621
169,250228.6906413999,3688223.9935405706,126.3173894060576,33.30420507
170,250228.84114063208,3688223.8654617295,126.3173910563384,33.30420395
171,250228.98813640128,3688223.7348528784,126.3173927,33.30420281
172,250229.11710287223,3688223.5895322366,126.31739409308229,33.30420153
173,250229.2733264208,3688223.4738445687,126.31739580174688,33.30420052
174,250229.41774708248,3688223.337977391,126.3173974,33.30419933
175,250229.5664999379,3688223.207308716,126.3173990210718,33.30419819
176,250229.7134752556,3688223.0740407454,126.3174006,33.30419702
177,250229.8553,3688222.935620866,126.3174021944869,33.30419581
178,250229.99549082908,3688222.794601536,126.3174037,33.30419457
179,250230.1399267756,3688222.6587575777,126.3174053,33.30419338
180,250230.2777550908,3688222.517811317,126.3174068430862,33.30419214
181,250230.4184328464,3688222.382049237,126.3174083901818,33.30419095
182,250230.55921823392,3688222.243659819,126.31740993898228,33.30418974
183,250230.69816133383,3688222.105313383,126.3174114680483,33.30418852
184,250230.8426342018,3688221.970058208,126.3174130555552,33.30418734
185,250230.9740946488,3688221.8250880977,126.3174145061948,33.30418606
186,250231.1183120028,3688221.693665312,126.3174160899282,33.30418491
187,250231.25833460968,3688221.554445612,126.3174176307838,33.30418369
188,250231.3916678553,3688221.407344765,126.3174191020562,33.3041824
189,250231.53162855207,3688221.265837423,126.3174206,33.30418115
190,250231.66399732349,3688221.121150529,126.3174221031749,33.30417988
191,250231.80897253763,3688220.9858270288,126.31742369602948,33.30417869
192,250231.9364759028,3688220.836958895,126.3174251056493,33.30417738
193,250232.07939478024,3688220.7002844014,126.3174266765932,33.30417618
194,250232.2326352978,3688220.5785550256,126.3174284,33.30417512
195,250232.37814957264,3688220.446,126.31743,33.30417397
196,250232.5287768176,3688220.321,126.3174316,33.30417287
197,250232.6849390952,3688220.1997445375,126.3174333122612,33.30417182
198,250232.84902501653,3688220.0900791455,126.3174351031749,33.30417087
199,250233.0168640168,3688219.984,126.3174369334708,33.30416994
200,250233.1898416038,3688219.885759485,126.3174388165588,33.3041691
201,250233.36180546088,3688219.791,126.3174406877388,33.30416829
202,250233.53468244168,3688219.6953325775,126.3174426,33.30416747
203,250233.71289178063,3688219.6092896536,126.31744450521728,33.30416673
204,250233.88540825088,3688219.5111227618,126.3174463834021,33.30416589
205,250234.05817430688,3688219.4115457847,126.31744826467389,33.30416503
206,250234.2270541961,3688219.3120076302,126.3174501042522,33.30416417
207,250234.3920313518,3688219.202022996,126.31745190476188,33.30416322
208,250234.5464861735,3688219.0799646224,126.3174535958574,33.30416216
209,250234.68824466967,3688218.9425854073,126.3174551547166,33.30416095
210,250234.82516354887,3688218.801641589,126.3174566628438,33.30415971
211,250234.96197451177,3688218.658063729,126.3174581704894,33.30415845
212,250235.09514570827,3688218.514423741,126.31745963903448,33.30415719
213,250235.23038924288,3688218.3734208825,126.3174611290432,33.30415595
214,250235.34910866767,3688218.214662367,126.3174624468123,33.30415455
215,250235.47173065704,3688218.0597872073,126.3174638053592,33.30415318
216,250235.6035936715,3688217.916019419,126.3174652599353,33.30415192
217,250235.7175770356,3688217.7524632975,126.3174665281124,33.30415047
218,250235.8286874404,3688217.592319633,126.3174677646121,33.30414905
219,250235.94547692424,3688217.433797061,126.3174690614408,33.30414765
220,250236.05398961672,3688217.270810616,126.3174702708211,33.30414621
221,250236.1491792528,3688217.0957185538,126.31747134047808,33.30414465
222,250236.2337459068,3688216.9180130097,126.3174722969367,33.30414307
223,250236.3120314116,3688216.738,126.31747318669728,33.30414146
224,250236.37944897445,3688216.5546310768,126.31747396064128,33.30413983
225,250236.43691850489,3688216.364260856,126.3174746296179,33.30413813
226,250236.48418797777,3688216.174765087,126.31747518975068,33.30413643
227,250236.55550325607,3688215.9899522825,126.31747600526108,33.30413478
228,250236.5951566976,3688215.797406574,126.3174764841269,33.30413306
229,250236.62638149207,3688215.6028217566,126.3174768730156,33.30413131
230,250236.6586248728,3688215.4080000953,126.31747727574408,33.30412956
231,250236.6755213756,3688215.211666015,126.3174775082964,33.3041278
232,250236.68950717137,3688215.017753733,126.31747770987668,33.30412605
233,250236.6941903322,3688214.825247587,126.3174778,33.30412432
234,250236.6969955152,3688214.6293097297,126.3174778989308,33.30412256
235,250236.68506542672,3688214.435063276,126.3174778250366,33.3041208
236,250236.66542111008,3688214.238,126.3174777,33.30411902
237,250236.62922749209,3688214.045312888,126.3174773,33.30411728
238,250236.59326514733,3688213.854,126.317477,33.30411554
239,250236.5510458452,3688213.6594618335,126.3174766010692,33.30411378
240,250236.48430214927,3688213.4726678096,126.3174759365078,33.30411208
241,250236.4291111228,3688213.2823485457,126.3174753968251,33.30411036
242,250236.36423719293,3688213.0960605065,126.31747475218688,33.30410866
243,250236.3048789672,3688212.9106717696,126.3174742,33.30410698
244,250236.23814067664,3688212.731574181,126.3174735,33.30410535
245,250236.17145167576,3688212.5528136175,126.3174728,33.30410372
246,250236.09480953377,3688212.372657252,126.3174720602468,33.30410208
247,250236.03559875832,3688212.1869149166,126.3174714761904,33.3041004
248,250235.9405589272,3688212.026221593,126.3174705,33.30409893
249,250235.87139255847,3688211.844908047,126.31746980933748,33.30409728
250,250235.78981491187,3688211.665692241,126.31746898340708,33.30409564
251,250235.7058308327,3688211.497714152,126.31746812881168,33.30409411
252,250235.65803449723,3688211.306928808,126.3174677,33.30409238
253,250235.57584157595,3688211.137400616,126.3174668,33.30409083
254,250235.49426905764,3688210.9571626578,126.3174660078165,33.30408919
255,250235.4193143361,3688210.7738526175,126.3174652541302,33.30408752
256,250235.3767344272,3688210.5827184096,126.31746484917008,33.30408579
257,250235.3402092736,3688210.455057256,126.3174644936832,33.30408463
258,250235.28886800352,3688210.2703702888,126.3174639936832,33.30408295
259,250235.2667689516,3688210.0792060047,126.3174638094876,33.30408123
260,250235.23317472648,3688209.890497741,126.3174635,33.30407952
261,250235.18910387973,3688209.706629873,126.3174630773856,33.30407785
262,250235.1613621321,3688209.510907127,126.3174628,33.30407608
263,250235.15651744447,3688209.319718424,126.3174628,33.30407436
264,250235.12043213256,3688209.1333284806,126.3174625,33.30407267
265,250235.11673789527,3688208.944,126.3174625118958,33.30407097
266,250235.1330039876,3688208.777614119,126.3174627342076,33.30406947
267,250235.16281098544,3688208.602920186,126.3174631010692,33.3040679
268,250235.1974343361,3688208.424531124,126.31746352188388,33.3040663
269,250235.26119667105,3688208.240272762,126.3174642549703,33.30406466
270,250235.35308803784,3688208.069,126.3174652910595,33.30406313
271,250235.4155,3688207.922887581,126.317466,33.30406183
272,250235.5355909367,3688207.776192554,126.3174673,33.30406054
273,250235.6584123487,3688207.637943852,126.31746868541948,33.30405932
274,250235.7923922033,3688207.5052258368,126.3174701605655,33.30405816
275,250235.93259273167,3688207.376442277,126.3174716994601,33.30405703
276,250236.0834785372,3688207.261076077,126.3174733517108,33.30405602
277,250236.18552420737,3688207.1632364807,126.31747447202548,33.30405517
278,250236.30608059527,3688207.1046870896,126.31747578169468,33.30405467
279,250236.45996603213,3688206.993241929,126.3174774639684,33.3040537
280,250236.55829521408,3688206.8901352976,126.3174785466472,33.3040528
281,250236.7204315129,3688206.842617597,126.3174803012633,33.3040524
282,250236.88582021816,3688206.777458869,126.3174820932133,33.30405185
283,250237.06194729288,3688206.7151607694,126.317484,33.30405133
284,250237.24430803087,3688206.6550160446,126.3174859731053,33.30405083
285,250237.41260381136,3688206.559316628,126.3174878054948,33.30405001
286,250237.57897888808,3688206.4614568255,126.31748961678728,33.30404917
287,250237.73468862564,3688206.366038445,126.3174913,33.30404834
288,250237.90515012929,3688206.2731377296,126.3174931694602,33.30404755
289,250238.06284767605,3688206.184023425,126.3174948865885,33.30404678
290,250238.19479859344,3688206.1125886906,126.3174963217972,33.30404617
291,250238.3333877956,3688205.990467669,126.3174978425656,33.3040451
292,250238.49685221343,3688205.894891936,126.31749962254568,33.30404427
293,250238.66256919896,3688205.8270468335,126.3175014,33.3040437
294,250238.8309908053,3688205.7746957806,126.31750324149068,33.30404327
295,250239.0118350284,3688205.705834799,126.3175052,33.30404269
296,250239.17775458176,3688205.6582597066,126.31750699470868,33.3040423
297,250239.33734058545,3688205.6033123527,126.31750872233948,33.30404184
298,250239.5310890328,3688205.615755545,126.3175107973943,33.304042
299,250239.6876,3688205.606526304,126.3175124791422,33.30404195
300,250239.85127496344,3688205.6075468394,126.3175142351578,33.304042
301,250240.0500479268,3688205.602489559,126.31751636927268,33.304042
302,250240.2334185693,3688205.579189488,126.31751834348908,33.30404183
303,250240.4320516901,3688205.5740274535,126.31752047634468,33.30404183
304,250240.6256409208,3688205.594919765,126.31752254761868,33.30404207
305,250240.81602847745,3688205.625780371,126.3175245819538,33.30404239
306,250240.99981924208,3688205.670432342,126.3175265,33.30404283
307,250241.1899,3688205.702460325,126.3175285733045,33.30404317
308,250241.3680874208,3688205.764923581,126.31753046720688,33.30404377
309,250241.55237135527,3688205.832,126.3175324259726,33.30404442
310,250241.7338765103,3688205.892021225,126.3175344,33.304045
311,250241.91888824897,3688205.9242856456,126.3175363,33.30404533
312,250242.1048,3688205.975000055,126.31753831362668,33.30404583
313,250242.28256470803,3688206.044360989,126.31754020260568,33.3040465
314,250242.45140123036,3688206.124616224,126.317542,33.30404726
315,250242.63534198137,3688206.1833941457,126.3175439493826,33.30404783
316,250242.8114906486,3688206.2487261184,126.3175458209098,33.30404846
317,250242.98598082908,3688206.3331707567,126.3175476704894,33.30404926
318,250243.1671449748,3688206.409286933,126.3175495934892,33.30404999
319,250243.34651299764,3688206.4461036175,126.3175515,33.30405036
320,250243.5187200478,3688206.5258494895,126.3175533333337,33.30405112
321,250243.69724961647,3688206.565904209,126.3175552380956,33.30405153
322,250243.8879522784,3688206.594952976,126.31755727648428,33.30405183
323,250244.08404658144,3688206.6085023102,126.3175593766332,33.304052
324,250244.2833,3688206.603376843,126.3175615158551,33.304052
325,250244.47658109173,3688206.5799062178,126.3175635964254,33.30405183
326,250244.67109986127,3688206.5562484767,126.3175656904762,33.30405167
327,250244.86583248264,3688206.5330459513,126.3175677857143,33.3040515
328,250245.05557047925,3688206.4910987457,126.31756983333328,33.30405117
329,250245.2439,3688206.440563405,126.3175719,33.30405075
330,250245.42994589344,3688206.380971467,126.31757388095268,33.30405026
331,250245.61188885733,3688206.3101199297,126.31757585282328,33.30404967
332,250245.77845194927,3688206.213452389,126.3175777,33.30404883
333,250245.94513790688,3688206.117941369,126.31757948148748,33.30404801
334,250246.0959876496,3688205.995617285,126.3175811338729,33.30404694
335,250246.2496207936,3688205.876,126.31758281535508,33.3040459
336,250246.38746268727,3688205.735337336,126.3175843,33.30404467
337,250246.5144022484,3688205.584968784,126.3175857369075,33.30404334
338,250246.63103255807,3688205.4277287526,126.317587,33.30404195
339,250246.73421446275,3688205.2613241617,126.3175881848612,33.30404048
340,250246.82037826657,3688205.0873426176,126.31758915741028,33.30403893
341,250246.90700674325,3688204.9134393153,126.3175901349209,33.30403738
342,250247.00916968577,3688204.744569391,126.3175912777781,33.30403588
343,250247.10161186443,3688204.572160877,126.3175923,33.30403435
344,250247.19295269807,3688204.398865743,126.3175933454812,33.30403281
345,250247.2638826296,3688204.2171051768,126.31759415633088,33.30403119
346,250247.3440938548,3688204.0406370913,126.3175950655978,33.30402962
347,250247.42095191425,3688203.8601311566,126.31759594032908,33.30402801
348,250247.4763767836,3688203.6706662728,126.3175965873018,33.30402632
349,250247.53468384247,3688203.481901864,126.3175973,33.30402463
350,250247.57681009217,3688203.290609803,126.3175977698412,33.30402292
351,250247.6199119428,3688203.097144252,126.31759828571408,33.30402118
352,250247.6520161196,3688202.9033109634,126.3175986839077,33.30401944
353,250247.66501044968,3688202.705796888,126.3175989,33.30401767
354,250247.67137569748,3688202.5100957113,126.317599,33.3040159
355,250247.66660224888,3688202.312980254,126.317599,33.30401413
356,250247.63940495005,3688202.121,126.3175988,33.30401239
357,250247.60964219447,3688201.928039255,126.3175984992621,33.30401065
358,250247.5412852804,3688201.7418133714,126.3175978160923,33.30400895
359,250247.49800683887,3688201.55,126.3175974047616,33.30400721
360,250247.45457484247,3688201.3569150767,126.3175969933293,33.30400546
361,250247.38837122737,3688201.1750721065,126.3175963,33.30400381
362,250247.33336491443,3688201.009057536,126.31759578600848,33.3040023
363,250247.2882712678,3688200.8307790416,126.3175953528054,33.30400069
364,250247.22880011128,3688200.660031456,126.3175947619047,33.30399913
365,250247.1835912072,3688200.469,126.3175943,33.3039974
366,250247.16387918955,3688200.292571568,126.3175942,33.30399581
367,250247.1466040497,3688200.1024108767,126.3175940354714,33.30399409
368,250247.1078753268,3688199.9269552897,126.3175937,33.3039925
369,250247.10206214487,3688199.7500532735,126.3175936508299,33.3039909
370,250247.0827312549,3688199.553341312,126.3175935,33.30398913
371,250247.0530648621,3688199.364039693,126.3175932322644,33.30398742
372,250247.01136446607,3688199.207,126.3175928,33.30398599
373,250247.00674249703,3688199.015,126.3175928,33.30398426
374,250246.9861675744,3688198.818660356,126.3175927,33.30398249
375,250246.98105095813,3688198.6197653855,126.3175927,33.30398069
376,250246.99376088087,3688198.430282467,126.3175928571786,33.30397899
377,250247.03081050364,3688198.2386110793,126.31759330737648,33.30397727
378,250247.07016777425,3688198.0508696768,126.31759377988308,33.30397559
379,250247.13498679613,3688197.866031612,126.3175945,33.30397394
380,250247.21455389244,3688197.706058708,126.3175954248461,33.30397251
381,250247.3014197304,3688197.529731921,126.3175964,33.30397095
382,250247.42254056613,3688197.3890888887,126.3175977432347,33.30396971
383,250247.55882477417,3688197.254267463,126.31759924334308,33.30396852
384,250247.6857830984,3688197.112983586,126.31760064512488,33.30396728
385,250247.82798549984,3688197.004380519,126.31760219922208,33.30396633
386,250247.9565096933,3688196.8770027775,126.3176036139944,33.30396522
387,250248.1259955825,3688196.7770846095,126.3176054601771,33.30396436
388,250248.2664493828,3688196.6712458953,126.3176069971818,33.30396343
389,250248.40898750385,3688196.5638298257,126.3176085563787,33.3039625
390,250248.5611,3688196.4667284857,126.31761021510668,33.30396166
391,250248.70684331216,3688196.356234594,126.3176118095238,33.3039607
392,250248.85305200907,3688196.2562802336,126.31761340691348,33.30395983
393,250249.02290554103,3688196.1781133935,126.3176152,33.30395917
394,250249.2019934254,3688196.1071370686,126.3176171909656,33.30395857
395,250249.38571464777,3688196.029599085,126.3176191836707,33.30395791
396,250249.57525821088,3688195.9770087777,126.31762123198268,33.30395748
397,250249.7636813245,3688195.933033085,126.3176232659123,33.30395713
398,250249.95895951428,3688195.903764077,126.3176253692598,33.30395691
399,250250.1425804364,3688195.8404177786,126.3176273565877,33.30395638
400,250250.33674175787,3688195.8093520943,126.31762944929548,33.30395615
401,250250.51432469743,3688195.769604548,126.31763136555888,33.30395583
402,250250.68868776303,3688195.714277417,126.3176332513792,33.30395537
403,250250.88197859144,3688195.686332321,126.3176353,33.30395517
404,250251.07506692424,3688195.662947488,126.3176374114207,33.303955
405,250251.26826559144,3688195.634560576,126.3176394925922,33.30395479
406,250251.4598908636,3688195.597284518,126.31764155911908,33.3039545
407,250251.64067912777,3688195.592823261,126.3176435,33.3039545
408,250251.82686136488,3688195.5693465634,126.3176455045608,33.30395433
409,250252.02222073448,3688195.5821668673,126.31764759690408,33.30395449
410,250252.21501177925,3688195.578048737,126.3176497,33.3039545
411,250252.38829773592,3688195.5920040607,126.3176515223535,33.30395467
412,250252.5800407169,3688195.6222796207,126.3176535714289,33.30395498
413,250252.77572407053,3688195.6376163047,126.3176557,33.30395517
414,250252.96237409933,3688195.688452432,126.3176576551652,33.30395567
415,250253.15289173884,3688195.7205374106,126.31765969069248,33.303956
416,250253.3403497644,3688195.7711164737,126.3176616882161,33.3039565
417,250253.5294,3688195.829627969,126.3176637002915,33.30395707
418,250253.71837443384,3688195.888100621,126.31766571234168,33.30395764
419,250253.9070428931,3688195.924034336,126.3176677260829,33.30395801
420,250254.07964319715,3688196.0132664754,126.3176695540084,33.30395885
421,250254.25877716608,3688196.097197765,126.3176714529671,33.30395965
422,250254.4147433264,3688196.198842493,126.3176730985558,33.3039606
423,250254.5818608621,3688196.296733881,126.3176749,33.30396152
424,250254.74303213047,3688196.406777917,126.3176766,33.30396255
425,250254.88954377224,3688196.538107916,126.31767809969809,33.30396377
426,250255.0111584372,3688196.6889289552,126.3176793630339,33.30396516
427,250255.1568154925,3688196.8218905535,126.3176809,33.30396639
428,250255.2877,3688196.9686547695,126.3176822523598,33.30396774
429,250255.4369635691,3688197.098312753,126.3176838185189,33.30396894
430,250255.5888844028,3688197.2230190383,126.3176854143073,33.3039701
431,250255.7462356458,3688197.336120948,126.3176870714282,33.30397116
432,250255.9146765087,3688197.4374343087,126.3176888507261,33.30397211
433,250256.08424078504,3688197.536888368,126.3176906428568,33.30397305
434,250256.2596503628,3688197.6268204246,126.31769249999968,33.3039739
435,250256.44762893088,3688197.688917357,126.3176945,33.3039745
436,250256.6250758597,3688197.772438001,126.3176963809524,33.30397529
437,250256.81402177783,3688197.8353989376,126.3176983909486,33.3039759
438,250257.0016224644,3688197.8984006634,126.31770038652068,33.30397652
439,250257.1907208962,3688197.962248127,126.3177023979437,33.30397713
440,250257.38299726744,3688198.005744919,126.3177044490491,33.30397757
441,250257.5731970536,3688198.066037664,126.3177064732596,33.30397816
442,250257.7643628968,3688198.117600688,126.3177085099261,33.30397867
443,250257.95564490155,3688198.16,126.3177105509509,33.3039791
444,250258.1437980196,3688198.2204301856,126.3177125531877,33.30397968
445,250258.3227715588,3688198.300442304,126.3177144514994,33.30398044
446,250258.50949090184,3688198.363129165,126.3177164374871,33.30398105
447,250258.68826959544,3688198.445187279,126.3177183,33.30398183
448,250258.86777002728,3688198.5226539215,126.3177202380952,33.30398257
449,250259.03675542228,3688198.6223300686,126.3177220236553,33.30398351
450,250259.20864908688,3688198.7216047407,126.31772384074108,33.30398444
451,250259.36455154943,3688198.8336515175,126.31772548260788,33.30398549
452,250259.5204688224,3688198.951,126.3177271233668,33.30398658
453,250259.6669,3688199.083914988,126.3177286574556,33.30398782
454,250259.79805299727,3688199.233190243,126.3177300238096,33.30398919
455,250259.92041820625,3688199.389476976,126.31773129365108,33.30399063
456,250260.03407192288,3688199.5521537727,126.3177325,33.30399212
457,250260.1303785767,3688199.7240817775,126.3177334540785,33.30399369
458,250260.2153754236,3688199.898857968,126.3177343179159,33.30399528
459,250260.26830120903,3688200.090258788,126.3177348,33.30399702
460,250260.32117755897,3688200.2755107465,126.3177353,33.3039987
461,250260.37130177688,3688200.465716121,126.3177358,33.30400043
462,250260.40737011848,3688200.658867846,126.3177362,33.30400218
463,250260.4278180381,3688200.855375931,126.3177363,33.30400395
464,250260.44831942112,3688201.0489141615,126.3177365,33.3040057
465,250260.4538117004,3688201.243151981,126.3177365042472,33.30400745
466,250260.4584,3688201.442406037,126.3177365,33.30400925
467,250260.4637715116,3688201.6408251487,126.3177365,33.30401104
468,250260.45314042168,3688201.837411263,126.3177363,33.30401281
469,250260.42689333516,3688202.0314418417,126.317736,33.30401455
470,250260.40248204512,3688202.224,126.31773568390769,33.30401628
471,250260.3747623988,3688202.418501617,126.3177353,33.30401802
472,250260.35693486297,3688202.6145200073,126.31773508892148,33.30401979
473,250260.3259,3688202.8086590087,126.31773469970868,33.30402153
474,250260.30604545007,3688203.003,126.3177344344022,33.30402328
475,250260.3019318788,3688203.200243576,126.3177343,33.30402505
476,250260.29128321464,3688203.397802263,126.3177342,33.30402683
477,250260.29639320783,3688203.596450036,126.3177342,33.30402862
478,250260.30134366849,3688203.7947686575,126.3177342,33.30403041
479,250260.3220375604,3688203.989531776,126.3177343,33.30403217
480,250260.34422274312,3688204.1870133807,126.3177345158371,33.30403395
481,250260.38034100004,3688204.3823922607,126.3177348505738,33.30403572
482,250260.4140269553,3688204.576,126.3177351583706,33.30403748
483,250260.46197523008,3688204.7676455546,126.3177356197858,33.30403921
484,250260.52513626893,3688204.9554468016,126.3177362460318,33.30404092
485,250260.6072065869,3688205.1341768815,126.3177370783634,33.30404255
486,250260.69419669177,3688205.302051856,126.3177379667063,33.30404408
487,250260.76718496857,3688205.4798752232,126.3177387,33.3040457
488,250260.87108542383,3688205.6492115296,126.3177397665776,33.30404725
489,250260.96972188345,3688205.819314636,126.3177407774301,33.3040488
490,250261.07238155752,3688205.986503167,126.3177418,33.30405033
491,250261.18169076805,3688206.152815143,126.3177429603173,33.30405186
492,250261.29627802648,3688206.3145402935,126.3177441456789,33.30405334
493,250261.39414765776,3688206.475483776,126.31774515093788,33.30405481
494,250261.4821315954,3688206.6474982575,126.3177460473252,33.30405638
495,250261.5690297083,3688206.820535864,126.3177469333884,33.30405796
496,250261.67060410217,3688206.9841460153,126.31774797691628,33.30405946
497,250261.76516502103,3688207.155182232,126.31774894409628,33.30406102
498,250261.8569605524,3688207.3309745593,126.3177498806942,33.30406263
499,250261.91830518964,3688207.515564036,126.3177504882062,33.30406431
500,250261.94268731048,3688207.707241503,126.3177507,33.30406604
501,250261.9912185105,3688207.883,126.3177512,33.30406763
502,250261.9961050096,3688208.081415978,126.3177512,33.30406942
503,250262.00072173504,3688208.2801589975,126.3177511624198,33.30407121
504,250261.9756380412,3688208.474537884,126.3177508375802,33.30407296
505,250261.9489,3688208.6683162176,126.3177505,33.3040747
506,250261.9099,3688208.857790796,126.3177500251472,33.3040764
507,250261.88121495105,3688209.0439487207,126.3177497,33.30407807
508,250261.84445712427,3688209.225991177,126.3177492254614,33.3040797
509,250261.78169169708,3688209.405627892,126.3177485,33.3040813
510,250261.71289193825,3688209.584699744,126.3177477,33.3040829
511,250261.63978088755,3688209.736282908,126.3177468887991,33.30408425
512,250261.5328742032,3688209.892148832,126.3177456968474,33.30408563
513,250261.46036529407,3688210.061355128,126.3177448735342,33.30408714
514,250261.34341386208,3688210.209624245,126.3177435758017,33.30408845
515,250261.2400383132,3688210.376032839,126.3177424,33.30408992
516,250261.12593285076,3688210.5367760016,126.31774115171788,33.30409134
517,250260.99283325687,3688210.6571165705,126.3177396887786,33.3040924
518,250260.87405387827,3688210.774,126.31773838241008,33.30409342
519,250260.7678450588,3688210.911479097,126.31773720634888,33.30409464
520,250260.6136665856,3688211.028577839,126.3177355197063,33.30409566
521,250260.4623036325,3688211.1487511713,126.31773386238588,33.3040967
522,250260.29389956716,3688211.2362445993,126.3177320308643,33.30409745
523,250260.126,3688211.319658781,126.3177302,33.30409817
524,250259.94110403836,3688211.3826737646,126.3177282,33.30409869
525,250259.75461856727,3688211.44,126.3177261881436,33.30409917
526,250259.5668811899,3688211.4453897006,126.31772417103988,33.30409917
527,250259.41985149737,3688211.4303862415,126.3177225991254,33.304099
528,250259.22391660835,3688211.417125747,126.31772049999968,33.30409883
529,250259.04245246807,3688211.403213509,126.3177185568488,33.30409867
530,250258.8499155072,3688211.3710744577,126.3177165,33.30409833
531,250258.65844257816,3688211.339022765,126.3177144543246,33.304098
532,250258.475,3688211.288229277,126.3177125,33.3040975
533,250258.2939230232,3688211.265619917,126.3177105626099,33.30409725
534,250258.1037477848,3688211.2311583096,126.3177085321396,33.3040969
535,250257.91370805807,3688211.1916772574,126.3177065043035,33.3040965
536,250257.7231270584,3688211.159435989,126.3177044680483,33.30409617
537,250257.55526316387,3688211.090130712,126.31770268624508,33.3040955
538,250257.3715772121,3688211.0396276712,126.3177007285592,33.304095
539,250257.2068578768,3688210.9870076966,126.31769897597448,33.30409449
540,250257.0300932444,3688210.902153221,126.3176971022352,33.30409369
541,250256.86657030505,3688210.8367181392,126.3176954,33.30409306
542,250256.68538262008,3688210.774713296,126.31769343906709,33.30409246
543,250256.514,3688210.694,126.31769162162288,33.30409169
544,250256.3482051364,3688210.621364943,126.3176898636756,33.304091
545,250256.17824624776,3688210.558588616,126.3176880573372,33.30409039
546,250256.02884284552,3688210.4781863377,126.3176864761901,33.30408964
547,250255.84628065344,3688210.405398719,126.3176845,33.30408894
548,250255.6842032752,3688210.2947071646,126.3176828287727,33.3040879
549,250255.5166,3688210.196316621,126.31768105761448,33.30408698
550,250255.34632161056,3688210.1027404335,126.3176793,33.30408609
551,250255.19820364623,3688209.986306316,126.31767769927689,33.30408501
552,250255.0420574588,3688209.896781464,126.317676,33.30408417
553,250254.89198087945,3688209.770481984,126.3176744730668,33.30408299
554,250254.7260542673,3688209.6725486377,126.3176727196308,33.30408207
555,250254.57129798512,3688209.571716881,126.3176710877601,33.30408113
556,250254.4090762308,3688209.462266436,126.3176693766332,33.30408011
557,250254.2572546113,3688209.3588146297,126.31766777655488,33.30407914
558,250254.09949212515,3688209.243572977,126.3176661150961,33.30407806
559,250253.93550203487,3688209.133282229,126.3176643859345,33.30407703
560,250253.7624017452,3688209.035558211,126.3176625555553,33.30407611
561,250253.5867300761,3688208.948638464,126.3176606944869,33.30407529
562,250253.3984770578,3688208.890761523,126.3176586904763,33.30407472
563,250253.2139485488,3688208.8171219416,126.3176567309406,33.30407402
564,250253.02867905327,3688208.748672261,126.3176548,33.30407336
565,250252.83538458977,3688208.7127084224,126.3176526978885,33.30407299
566,250252.64482798605,3688208.6635191552,126.3176507,33.3040725
567,250252.44921266133,3688208.6500533866,126.3176485714289,33.30407233
568,250252.2512571784,3688208.660042836,126.3176464444447,33.30407238
569,250252.0570748961,3688208.683157712,126.3176443544055,33.30407254
570,250251.8685363067,3688208.737188715,126.31764231632928,33.30407298
571,250251.6865500239,3688208.812367056,126.31764034325988,33.30407362
572,250251.51049527488,3688208.9,126.3176384298209,33.30407437
573,250251.3443252452,3688209.0010889727,126.3176366190473,33.30407524
574,250251.18238885904,3688209.112501133,126.31763485072608,33.30407621
575,250251.0309301965,3688209.239714344,126.31763319047649,33.30407732
576,250250.8788617199,3688209.3665115247,126.31763152380988,33.30407842
577,250250.7366816417,3688209.5053709545,126.3176299598782,33.30407964
578,250250.59947420424,3688209.6402591295,126.3176284501215,33.30408083
579,250250.4539216761,3688209.773382035,126.3176269,33.30408199
580,250250.31205523995,3688209.9037813046,126.3176252934014,33.30408313
581,250250.17193008857,3688210.04,126.3176237525722,33.30408433
582,250250.0298931285,3688210.177611896,126.3176221904762,33.30408554
583,250249.88698337832,3688210.315447669,126.3176206190476,33.30408674
584,250249.7462984848,3688210.453104946,126.3176190714286,33.30408795
585,250249.6051771302,3688210.5897585168,126.31761751949028,33.30408915
586,250249.46487200988,3688210.7266227296,126.3176159761908,33.30409035
587,250249.3310137941,3688210.870964849,126.3176145000003,33.30409162
588,250249.1893,3688211.007553691,126.31761294188568,33.30409282
589,250249.0528327528,3688211.148496488,126.3176114385592,33.30409406
590,250248.93855986075,3688211.311489752,126.31761016744028,33.3040955
591,250248.82425418368,3688211.471483517,126.3176088968251,33.30409691
592,250248.72362493025,3688211.642,126.3176077698409,33.30409843
593,250248.6305956852,3688211.815,126.3176067237875,33.30409996
594,250248.52897524057,3688211.982752295,126.3176055873018,33.30410145
595,250248.4358675785,3688212.158842728,126.3176045396826,33.30410302
596,250248.35174091248,3688212.3387721768,126.3176035873018,33.30410462
597,250248.28267099577,3688212.5210891566,126.31760279543208,33.30410625
598,250248.2036512988,3688212.701046608,126.3176018982832,33.30410785
599,250248.14630608333,3688212.8911665697,126.3176012304524,33.30410955
600,250248.09574839784,3688213.0833895113,126.3176006,33.30411127
601,250248.05085554463,3688213.2760902974,126.31760009876568,33.30411299
602,250248.02192225607,3688213.4693773617,126.3175997,33.30411473
603,250248.00507613493,3688213.666315693,126.3175995,33.3041165
604,250247.99446922704,3688213.861917189,126.3175993,33.30411826
605,250247.98371852617,3688214.057083316,126.3175992,33.30412002
606,250247.98904538265,3688214.254873669,126.3175992,33.3041218
607,250247.99414891243,3688214.453259681,126.3175992,33.30412359
608,250247.99928957567,3688214.653089144,126.3175992,33.30412539
609,250248.0044281337,3688214.852836767,126.3175992,33.30412719
610,250248.00952374167,3688215.050914813,126.3175992,33.30412898
611,250248.0144856615,3688215.2499429393,126.3175992,33.30413077
612,250248.03517624416,3688215.444443956,126.3175993,33.30413253
613,250248.05570131016,3688215.641222068,126.3175995,33.30413431
614,250248.09192561085,3688215.8337172754,126.3175998,33.30413605
615,250248.11480309296,3688216.029720509,126.3176000233237,33.30413782
616,250248.16153154985,3688216.2203171737,126.3176004761544,33.30413955
617,250248.1867645291,3688216.415176716,126.31760068999048,33.30414131
618,250248.2213668541,3688216.6086870953,126.3176010092323,33.30414306
619,250248.27279409705,3688216.7976034167,126.3176015092563,33.30414477
620,250248.3178768649,3688216.974505752,126.3176019458661,33.30414638
621,250248.3416433819,3688217.146183456,126.31760215082988,33.30414793
622,250248.3510535336,3688217.3405509247,126.3176022,33.30414969
623,250248.38391479687,3688217.5227607912,126.3176025,33.30415133
624,250248.40418291025,3688217.7180607705,126.3176027,33.3041531
625,250248.43204095552,3688217.903657485,126.3176029117983,33.30415478
626,250248.44585488367,3688218.087853837,126.3176030092323,33.30415644
627,250248.4908279012,3688218.263535989,126.31760344586608,33.30415803
628,250248.50371722705,3688218.4518369935,126.3176035,33.30415973
629,250248.5434977341,3688218.624165481,126.3176039107186,33.30416129
630,250248.5874999195,3688218.802635621,126.3176043,33.30416291
631,250248.6237,3688218.991170434,126.3176047,33.30416462
632,250248.64358548884,3688219.1802014657,126.3176048,33.30416633
633,250248.6661640019,3688219.3649800224,126.3176050238456,33.304168
634,250248.69917612444,3688219.554280512,126.3176053241008,33.30416971
635,250248.7050136664,3688219.7483098335,126.3176053,33.30417146
636,250248.72575013933,3688219.937044247,126.3176055,33.30417317
637,250248.72669413243,3688220.1152821686,126.3176054633588,33.30417477
638,250248.7214206886,3688220.312189213,126.3176053517976,33.30417655
639,250248.7307547831,3688220.462,126.3176054107186,33.3041779
640,250248.74401858088,3688220.658167356,126.3176055,33.30417967
641,250248.7336903849,3688220.856247675,126.3176053,33.30418145
642,250248.72259365764,3688221.033024733,126.3176052,33.30418304
643,250248.68553421824,3688221.2181449938,126.3176047208006,33.3041847
644,250248.66740648256,3688221.3873487273,126.3176044761544,33.30418622
645,250248.58426049497,3688221.549952175,126.3176035393587,33.30418767
646,250248.53695048447,3688221.722930183,126.3176029854228,33.30418921
647,250248.44799671567,3688221.887985084,126.317602,33.30419068
648,250248.37649097075,3688222.0662883297,126.3176012,33.30419227
649,250248.27124161395,3688222.205520088,126.3176,33.3041935
650,250248.1941365577,3688222.377836843,126.31759912487888,33.30419503
651,250248.11443573088,3688222.540040449,126.3175982260733,33.30419648
652,250247.9992439715,3688222.688431212,126.3175969475218,33.30419779
653,250247.8909503148,3688222.839868247,126.3175957,33.30419913
654,250247.78071481537,3688222.9853650494,126.3175945213743,33.30420041
655,250247.6307183028,3688223.1053478634,126.31759287969228,33.30420146
656,250247.5170631008,3688223.246,126.3175916202141,33.3042027
657,250247.36019115217,3688223.3632124416,126.3175899047619,33.30420372
658,250247.1873502156,3688223.4591844105,126.3175880238098,33.30420454
659,250247.0166414876,3688223.551147544,126.3175862,33.30420533
660,250246.83010905085,3688223.611745559,126.31758414815448,33.30420584
661,250246.67160588928,3688223.6806423618,126.3175824285718,33.30420642
662,250246.4873,3688223.7313804175,126.3175804365845,33.30420683
663,250246.29603153365,3688223.770385537,126.31757837416508,33.30420714
664,250246.12204546767,3688223.796136513,126.3175765,33.30420733
665,250245.92568267367,3688223.8196859737,126.3175743865207,33.3042075
666,250245.77319967403,3688223.8415497625,126.3175727,33.30420766
667,250245.5875399685,3688223.7925626673,126.31757076579228,33.30420718
668,250245.39892838665,3688223.7912419327,126.3175687425043,33.30420712
669,250245.2166385573,3688223.7452724352,126.3175668,33.30420667
670,250245.02759812327,3688223.7023026017,126.3175647824648,33.30420623
671,250244.8653036496,3688223.664665448,126.31756305085848,33.30420586
672,250244.67493926352,3688223.6299413526,126.3175610181942,33.3042055
673,250244.50982490904,3688223.5750631182,126.3175592619044,33.30420497
674,250244.31900603065,3688223.5378243024,126.3175572247814,33.30420459
675,250244.1292894905,3688223.495949865,126.31755520029148,33.30420417
676,250243.94035944704,3688223.445351643,126.3175531871951,33.30420367
677,250243.75702148807,3688223.390491793,126.31755123515788,33.30420313
678,250243.5653,3688223.344850736,126.3175491902066,33.30420267
679,250243.3908727144,3688223.292962169,126.3175473,33.30420217
680,250243.21710765592,3688223.2421686314,126.31754548370888,33.30420167
681,250243.02654952527,3688223.2098890687,126.31754344637568,33.30420133
682,250242.84688740488,3688223.151030788,126.3175415354714,33.30420076
683,250242.65608590137,3688223.1083880328,126.3175395,33.30420033
684,250242.47790620968,3688223.057609084,126.3175376020562,33.30419983
685,250242.29314519465,3688223.0069060265,126.3175356,33.30419933
686,250242.1111657433,3688222.9539240566,126.31753369571888,33.30419882
687,250241.93634595769,3688222.904928934,126.3175318,33.30419833
688,250241.76111468844,3688222.836424923,126.31752997181728,33.30419768
689,250241.59080524248,3688222.7870771023,126.31752815808228,33.30419719
690,250241.41051010293,3688222.739749989,126.31752623674548,33.30419672
691,250241.2325643857,3688222.6826418703,126.3175243438556,33.30419617
692,250241.04150811047,3688222.638039285,126.31752230438728,33.30419572
693,250240.88226850287,3688222.586484389,126.3175206109491,33.30419522
694,250240.70856637103,3688222.510956808,126.3175187685002,33.3041945
695,250240.52371624188,3688222.478,126.3175167938364,33.30419416
696,250240.3385,3688222.4124061526,126.3175148235808,33.30419352
697,250240.15459391143,3688222.359092773,126.31751286555888,33.304193
698,250239.95950716795,3688222.340439213,126.3175107777776,33.30419279
699,250239.7650935128,3688222.313548205,126.31750869889288,33.3041925
700,250239.5694205848,3688222.299895407,126.3175066031749,33.30419233
701,250239.3713243965,3688222.304991668,126.3175044761908,33.30419233
702,250239.17368595424,3688222.309908609,126.3175023544055,33.30419233
703,250238.97954305445,3688222.3373649954,126.3175002632546,33.30419253
704,250238.78742157528,3688222.375544039,126.3174981913378,33.30419283
705,250238.59772880137,3688222.423666937,126.3174961,33.30419322
706,250238.4158391516,3688222.4828360816,126.3174942,33.30419371
707,250238.2247258791,3688222.5274402215,126.3174921,33.30419407
708,250238.04509357965,3688222.6077741366,126.3174901621056,33.30419475
709,250237.86703757025,3688222.6885266975,126.3174882,33.30419544
710,250237.6942025287,3688222.7825920233,126.3174863488132,33.30419625
711,250237.5189355087,3688222.873154215,126.3174844431512,33.30419702
712,250237.3590340352,3688222.9915303257,126.3174826946408,33.30419805
713,250237.1898085996,3688223.0931057297,126.3174808508954,33.30419893
714,250237.03150092848,3688223.213448636,126.3174791190473,33.30419998
715,250236.87284518871,3688223.333801967,126.3174773834517,33.30420102
716,250236.71372535487,3688223.4541691993,126.3174756428571,33.30420207
717,250236.57184740828,3688223.591041845,126.3174740827556,33.30420327
718,250236.43697262235,3688223.7367667207,126.3174725952384,33.30420455
719,250236.2994,3688223.8760273354,126.3174711,33.30420578
720,250236.18791546213,3688224.034032562,126.3174698407408,33.30420717
721,250236.06385993137,3688224.1880189674,126.31746846720688,33.30420853
722,250235.9388835398,3688224.343500744,126.3174671,33.3042099
723,250235.83,3688224.507506179,126.31746586927268,33.30421136
724,250235.7228593527,3688224.6727125873,126.3174646746029,33.30421282
725,250235.6297182778,3688224.846962576,126.3174636,33.30421437
726,250235.5350544201,3688225.0198199768,126.3174626,33.3042159
727,250235.4493662396,3688225.1996540953,126.31746159465008,33.30421751
728,250235.3697025818,3688225.380814117,126.3174606897507,33.30421912
729,250235.30653595144,3688225.567423888,126.3174599603174,33.30422079
730,250235.24350238088,3688225.754032132,126.3174592322644,33.30422245
731,250235.19944017072,3688225.947307092,126.3174587063494,33.30422418
732,250235.1374780069,3688226.134641601,126.31745798966388,33.30422586
733,250235.0893659744,3688226.3261406887,126.31745742063468,33.30422757
734,250235.0410377592,3688226.517648368,126.3174568,33.30422929
735,250235.0126513872,3688226.713887215,126.3174564915056,33.30423105
736,250234.97167357616,3688226.902614888,126.317456,33.30423274
737,250234.9372789111,3688227.091108884,126.3174555773856,33.30423443
738,250234.91949181305,3688227.284,126.3174553,33.30423617
739,250234.89118898864,3688227.4781103865,126.3174549761904,33.3042379
740,250234.8519594833,3688227.671650964,126.3174545010978,33.30423964
741,250234.8256021412,3688227.866,126.3174542,33.30424139
742,250234.80664854648,3688228.052425537,126.3174539107186,33.30424306
743,250234.78935643545,3688228.2444346086,126.3174536709142,33.30424479
744,250234.7971163648,3688228.436962964,126.31745369970868,33.30424652
745,250234.79803318207,3688228.600952637,126.3174537,33.304248
746,250234.7875328988,3688228.796564048,126.3174535,33.30424976
747,250234.80832809853,3688228.9935834366,126.3174537,33.30425154
748,250234.8038538472,3688229.1891632727,126.3174535655978,33.3042533
749,250234.80273530647,3688229.387482641,126.3174535,33.30425509
750,250234.80786637857,3688229.586927728,126.3174535,33.30425689
751,250234.81296921417,3688229.7852752577,126.3174535,33.30425867
752,250234.81809874848,3688229.984660557,126.3174535,33.30426047
753,250234.8118945836,3688230.1834064126,126.3174534,33.30426226
754,250234.82015864924,3688230.38,126.3174534107186,33.30426403
755,250234.81524658864,3688230.5660950127,126.3174533094876,33.30426571
756,250234.82221385423,3688230.748252523,126.3174533,33.30426735
757,250234.8215925592,3688230.940323665,126.3174532757441,33.30426908
758,250234.79752289856,3688231.1275852537,126.3174529633588,33.30427076
759,250234.7903212944,3688231.3176880656,126.3174528,33.30427248
760,250234.74851284927,3688231.5041042655,126.3174523,33.30427415
761,250234.7087,3688231.6932671615,126.3174518571786,33.30427584
762,250234.6504036524,3688231.8659996167,126.3174511789946,33.30427738
763,250234.616,3688232.0527130817,126.31745076337428,33.30427906
764,250234.56702118256,3688232.230294597,126.31745018613928,33.30428065
765,250234.50137043503,3688232.3877853993,126.3174494,33.30428205
766,250234.44966512977,3688232.572692312,126.3174488,33.3042837
767,250234.37888835056,3688232.725102772,126.317448,33.30428506
768,250234.33337400664,3688232.880281044,126.3174475,33.30428645
769,250234.26022885143,3688233.054290303,126.3174467,33.304288
770,250234.16550329325,3688233.218306132,126.31744560505308,33.30428946
771,250234.07063624263,3688233.389911202,126.31744453968268,33.30429098
772,250233.9596446168,3688233.5280212304,126.3174433103478,33.3042922
773,250233.8482091196,3688233.686326927,126.3174420718136,33.3042936
774,250233.69284252805,3688233.8037307286,126.3174403717202,33.30429462
775,250233.5373609941,3688233.914421533,126.31743867304588,33.30429558
776,250233.4092302264,3688234.0063551664,126.3174372713989,33.30429638
777,250233.2698418632,3688234.0786516713,126.3174357574957,33.304297
778,250233.11152332876,3688234.1566746337,126.3174340369434,33.30429767
779,250232.9572774029,3688234.233491173,126.3174323604436,33.30429832
780,250232.78497332445,3688234.3055586433,126.3174304924333,33.30429893
781,250232.59804048133,3688234.3612235617,126.31742847063748,33.30429939
782,250232.4051024424,3688234.396992133,126.3174263901818,33.30429967
783,250232.2295098874,3688234.4198870896,126.3174245,33.30429983
784,250232.0508628745,3688234.425756232,126.3174225819459,33.30429985
785,250231.86603082248,3688234.412628437,126.3174206020562,33.30429968
786,250231.6857487704,3688234.4153785496,126.3174187,33.30429967
787,250231.49952507124,3688234.4124930818,126.31741666956728,33.3042996
788,250231.3134,3688234.395159288,126.3174146764192,33.3042994
789,250231.1432609725,3688234.410967969,126.3174128467305,33.3042995
790,250230.94573737512,3688234.3974804105,126.3174107311918,33.30429933
791,250230.7491965709,3688234.384,126.3174086258349,33.30429917
792,250230.57677097316,3688234.363499912,126.3174067815394,33.30429894
793,250230.3830581388,3688234.324561484,126.3174047138382,33.30429855
794,250230.1894054188,3688234.3031351785,126.3174026419004,33.30429831
795,250229.9975480718,3688234.255450728,126.3174005962304,33.30429783
796,250229.81110176328,3688234.2086497378,126.3173986087432,33.30429737
797,250229.6241,3688234.169552865,126.3173966134115,33.30429697
798,250229.4384244956,3688234.1216672817,126.31739463405708,33.3042965
799,250229.25171260204,3688234.079856652,126.31739264199508,33.30429608
800,250229.0690221916,3688234.020314253,126.3173906987367,33.3042955
801,250228.87805742185,3688233.975839075,126.3173886613757,33.30429506
802,250228.68951130504,3688233.9300707937,126.3173866511868,33.3042946
803,250228.5109871073,3688233.866411673,126.3173847525722,33.30429398
804,250228.32910856348,3688233.809375415,126.3173828,33.30429343
805,250228.1417682792,3688233.756957072,126.3173808214012,33.30429291
806,250227.9598984189,3688233.697205437,126.31737888707949,33.30429233
807,250227.7698213393,3688233.665263342,126.3173768553209,33.304292
808,250227.59702091376,3688233.601,126.3173750189482,33.30429138
809,250227.40786837097,3688233.563544872,126.317373,33.304291
810,250227.21752938512,3688233.532842077,126.31737096539288,33.30429068
811,250227.0293274144,3688233.5032988098,126.317369,33.30429037
812,250226.83631735688,3688233.455417383,126.3173668968252,33.30428989
813,250226.6397397405,3688233.4352409006,126.31736479345048,33.30428967
814,250226.44451289016,3688233.421771372,126.31736270241188,33.3042895
815,250226.44451289016,3688233.421771372,126.31736270241188,33.3042895
816,250226.31953757396,3688233.413400945,126.3173613637014,33.30428939666667
817,250226.1945622578,3688233.405030517,126.31736002499089,33.30428929333333
818,250226.0695869416,3688233.3966600895,126.3173586862804,33.30428919
819,250225.92212207153,3688233.524516341,126.3173570686569,33.3042903
820,250225.7742064136,3688233.658961132,126.3173554444447,33.30429148
821,250225.61677696864,3688233.778214488,126.3173537222221,33.30429252
822,250225.4700433262,3688233.911129044,126.3173521111112,33.30429368
823,250225.32327689417,3688234.0426287833,126.3173505,33.30429483
824,250225.1765104662,3688234.1741285264,126.3173488888888,33.30429598
825,250225.02866715772,3688234.3067615777,126.3173472659109,33.30429714
826,250224.88222051607,3688234.4347515674,126.3173456591978,33.30429826
827,250224.74426483613,3688234.5687374584,126.3173441419754,33.30429944
828,250224.5995571355,3688234.704733563,126.3173425516794,33.30430063
829,250224.45275601585,3688234.8396455697,126.3173409393362,33.30430181
830,250224.30101250636,3688234.961,126.3173392775836,33.30430287
831,250224.15581317773,3688235.0974751934,126.3173377,33.30430407
832,250224.0269258225,3688235.226946477,126.3173362631534,33.3043052
833,250223.88660664507,3688235.3652144326,126.3173347194438,33.30430642
834,250223.7350772456,3688235.492950001,126.3173331,33.30430753
835,250223.58554680287,3688235.622564157,126.3173314,33.30430867
836,250223.4444483904,3688235.757631621,126.3173298667451,33.30430985
837,250223.28860782672,3688235.8772110385,126.3173281614337,33.30431089
838,250223.14797389417,3688236.0144521752,126.3173266,33.3043121
839,250223.0104037532,3688236.1589266034,126.3173250985602,33.30431337
840,250222.8694740944,3688236.294680013,126.3173235,33.30431456
841,250222.72946085496,3688236.434817061,126.3173220078496,33.30431579
842,250222.58383315377,3688236.570689533,126.3173204077759,33.30431698
843,250222.45541375823,3688236.723741856,126.3173189875385,33.30431833
844,250222.3160237848,3688236.8670338094,126.3173174523813,33.30431958
845,250222.19122213693,3688237.018352065,126.3173160714289,33.30432092
846,250222.05604178656,3688237.157702692,126.3173145825165,33.30432214
847,250221.92971821973,3688237.3080576793,126.3173131855046,33.30432347
848,250221.79216287992,3688237.4527491066,126.3173116696282,33.30432474
849,250221.6642,3688237.605747928,126.3173102545896,33.30432609
850,250221.54660704284,3688237.763633737,126.3173089488777,33.30432748
851,250221.39951104287,3688237.898658248,126.3173073,33.30432867
852,250221.27676809556,3688238.053616908,126.3173059735399,33.30433003
853,250221.1432392366,3688238.2012184793,126.3173045,33.30433133
854,250221.0094606797,3688238.3486855314,126.3173030238095,33.30433263
855,250220.88914660012,3688238.5023370567,126.3173016904762,33.30433399
856,250220.75973021257,3688238.6440453674,126.3173002626194,33.30433523
857,250220.6502,3688238.794958573,126.317299,33.30433657
858,250220.52870587952,3688238.953244531,126.3172977,33.30433797
859,250220.4115589909,3688239.1118972474,126.3172963977251,33.30433937
860,250220.28509414167,3688239.259180937,126.317295,33.30434067
861,250220.16471949223,3688239.4102613847,126.3172936666667,33.304342
862,250220.04444796225,3688239.561864981,126.3172923343052,33.30434334
863,250219.9261371361,3688239.701565493,126.3172910262391,33.30434457
864,250219.79664694736,3688239.8531412375,126.3172895949681,33.30434591
865,250219.6741141822,3688240.0057078255,126.3172882380952,33.30434725
866,250219.5628463011,3688240.165663657,126.317287,33.30434867
867,250219.4354144295,3688240.313098124,126.3172856,33.30434997
868,250219.31821930167,3688240.4726200304,126.3172842903603,33.30435138
869,250219.18872840743,3688240.610435679,126.3172828629014,33.30435259
870,250219.05821634724,3688240.761534024,126.3172814207966,33.30435392
871,250218.92511901257,3688240.907305556,126.3172799523806,33.3043552
872,250218.80358262244,3688241.0613568113,126.3172786057952,33.30435656
873,250218.6790431709,3688241.2132274127,126.3172772275378,33.3043579
874,250218.54953537704,3688241.3617996625,126.3172757969276,33.30435921
875,250218.41690945724,3688241.508499641,126.3172743,33.3043605
876,250218.28662697933,3688241.6585495486,126.3172728939278,33.30436182
877,250218.15127946128,3688241.804332221,126.3172714014398,33.3043631
878,250218.01992402048,3688241.9455485353,126.3172699530111,33.30436435
879,250217.8896121549,3688242.094057503,126.3172685137591,33.30436565
880,250217.75679345505,3688242.242516556,126.3172670476191,33.30436696
881,250217.61849726297,3688242.386993109,126.3172655238095,33.30436823
882,250217.4845233273,3688242.526972391,126.317264,33.30436946
883,250217.35506019948,3688242.6699936823,126.3172626190476,33.30437072
884,250217.2166061017,3688242.8081708737,126.3172610952381,33.30437193
885,250217.08529825896,3688242.951,126.3172596468329,33.30437319
886,250216.94528064216,3688243.091,126.3172581057103,33.30437442
887,250216.8054817412,3688243.229206761,126.3172565675697,33.30437563
888,250216.65846970383,3688243.3539109826,126.317255,33.30437672
889,250216.51311630767,3688243.4817314334,126.3172533607962,33.30437784
890,250216.3689420784,3688243.612,126.3172517777779,33.30437898
891,250216.2118253185,3688243.7315981193,126.3172500589147,33.30438002
892,250216.06547157603,3688243.857038999,126.3172484539252,33.30438112
893,250215.9128923564,3688243.9811177594,126.3172467824935,33.3043822
894,250215.7606452016,3688244.094,126.3172451178302,33.30438318
895,250215.60706239025,3688244.218567193,126.3172434353739,33.30438427
896,250215.45049917864,3688244.342774156,126.3172417211563,33.30438535
897,250215.29415461712,3688244.466450184,126.3172400094195,33.30438643
898,250215.14105392987,3688244.587163141,126.3172383333331,33.30438748
899,250214.9841196116,3688244.7084590034,126.3172366158916,33.30438854
900,250214.84200096445,3688244.84,126.3172350544898,33.30438969
901,250214.6871348181,3688244.964723863,126.3172333584885,33.30439078
902,250214.54825828128,3688245.102940151,126.3172318301934,33.30439199
903,250214.39869503572,3688245.2294049887,126.3172301904759,33.30439309
904,250214.2556603801,3688245.362117441,126.3172286190473,33.30439426
905,250214.11954291444,3688245.5027508936,126.3172271196773,33.30439549
906,250213.9746858936,3688245.640106029,126.3172255274371,33.3043967
907,250213.83772007344,3688245.7800390567,126.3172240191656,33.30439793
908,250213.7043503432,3688245.922014548,126.3172225,33.30439917
909,250213.57031134996,3688246.0640692096,126.3172210714289,33.30440042
910,250213.44445095168,3688246.2135689138,126.3172196796786,33.30440174
911,250213.31844805725,3688246.3614278575,126.3172182868389,33.30440304
912,250213.1829781177,3688246.5083854897,126.3172167926709,33.30440434
913,250213.0559473057,3688246.6549588568,126.3172154,33.30440563
914,250212.93170245024,3688246.8090545465,126.3172140134676,33.30440699
915,250212.8111708976,3688246.961631636,126.3172126780623,33.30440833
916,250212.6789,3688247.108170693,126.3172112185402,33.30440962
917,250212.55116669557,3688247.256012352,126.3172098068734,33.30441093
918,250212.42665943247,3688247.4067384223,126.3172084293171,33.30441225
919,250212.29179631692,3688247.547684433,126.3172069433364,33.30441349
920,250212.1644597564,3688247.6953706886,126.3172055362177,33.30441479
921,250212.04292929888,3688247.846402231,126.3172041904758,33.30441613
922,250211.90460875863,3688247.9900131314,126.3172026666663,33.30441739
923,250211.76897828863,3688248.130035569,126.3172011726842,33.30441862
924,250211.63083799527,3688248.270608009,126.3171996516581,33.30441985
925,250211.49195357665,3688248.4122420815,126.3171981222199,33.3044211
926,250211.3609113548,3688248.5530553954,126.3171966773563,33.30442234
927,250211.2259480032,3688248.6989444406,126.3171951888856,33.30442362
928,250211.09518202965,3688248.847648549,126.3171937447212,33.30442493
929,250210.9578059532,3688248.9921227945,126.3171922307498,33.3044262
930,250210.8140875468,3688249.128499618,126.3171906510051,33.30442739
931,250210.6818478595,3688249.275617463,126.3171891914481,33.30442869
932,250210.53875368685,3688249.410295936,126.3171876188516,33.30442987
933,250210.40963015368,3688249.556424939,126.3171861931265,33.30443116
934,250210.2668825285,3688249.689919955,126.3171846244496,33.30443233
935,250210.12646042163,3688249.8319883174,126.3171830785163,33.30443357
936,250209.98601205423,3688249.967,126.3171815343478,33.30443475
937,250209.84434229467,3688250.104444521,126.3171799761902,33.30443596
938,250209.6959932086,3688250.231581148,126.3171783492065,33.30443707
939,250209.5581801568,3688250.3745356426,126.3171768310317,33.30443833
940,250209.42751382667,3688250.520641207,126.3171753887272,33.30443962
941,250209.28823828528,3688250.658335524,126.3171738563411,33.30444082
942,250209.1318620103,3688250.7768799416,126.3171721455325,33.30444186
943,250209.02844021932,3688250.900540981,126.317171,33.30444294
