UTM_X,UTM_Y,LAT_DD,LON_DD
250209.604352,3688242.869804,33.3043707221603,126.317179396893
250209.750543,3688242.745033,33.3043696318617,126.317180999975
250209.899145,3688242.618194,33.3043685234893,126.317182629499
250210.040747,3688242.487485,33.3043673786254,126.317184184981
250210.193852,3688242.365141,33.3043663117969,126.317185861581
250210.339783,3688242.236898,33.3043651901552,126.317187462832
250210.489556,3688242.106218,33.3043640474467,126.317189105981
250210.640229,3688241.979203,33.3043629379685,126.317190757775
250210.786093,3688241.845048,33.304361763044,126.317192359939
250210.935609,3688241.715654,33.3043606318627,126.317193999975
250211.087467,3688241.586091,33.3043594997017,126.317195665187
250211.235432,3688241.460796,33.3043584050929,126.317197287449
250211.394248,3688241.348283,33.3043574281656,126.317199022614
250211.56494,3688241.2567,33.3043566425711,126.317200879431
250211.743432,3688241.170001,33.3043559027897,126.317202818593
250211.918049,3688241.094333,33.3043552614994,126.317204713131
250212.093536,3688241.016497,33.3043546008771,126.317206617603
250212.278192,3688240.950316,33.3043540473921,126.317208617241
250212.461563,3688240.878532,33.304353443126,126.317210604638
250212.64538,3688240.807802,33.3043528484599,126.317212596529
250212.834465,3688240.751024,33.3043523807227,126.317214641094
250213.008652,3688240.667786,33.3043516711267,126.317216533108
250213.193628,3688240.619159,33.3043512758776,126.317218531333
250213.379278,3688240.561295,33.3043507975591,126.31722053934
250213.566902,3688240.496971,33.3043502614935,126.317222570312
250213.752983,3688240.430382,33.3043497046625,126.317224585353
250213.943826,3688240.373217,33.3043492338458,126.317226648888
250214.129994,3688240.305444,33.304348666367,126.317228665189
250214.312548,3688240.231006,33.3043480379986,126.317230644552
250214.495027,3688240.152005,33.3043473685001,126.317232624369
250214.672094,3688240.064943,33.3043466251172,126.317234548341
250214.832576,3688239.955532,33.3043456765246,126.317236300525
250215.001234,3688239.849756,33.3043447625788,126.317238139435
250215.175713,3688239.767865,33.3043440651867,126.31724003421
250215.343254,3688239.662874,33.3043431580547,126.317241860917
250215.517669,3688239.57093,33.30434237007,126.31724375778
250215.684233,3688239.466076,33.3043414639458,126.317245573966
250215.846763,3688239.353994,33.3043404917621,126.317247348863
250216.014579,3688239.252587,33.3043396169857,126.317249177531
250216.17005,3688239.13053,33.3043385532906,126.317250879438
250216.324258,3688239.009465,33.3043374982407,126.317252567519
250216.475074,3688238.881871,33.3043363835779,126.317254221005
250216.633404,3688238.764274,33.3043353607302,126.317255952358
250216.795681,3688238.653786,33.3043344028497,126.317257724099
250216.946049,3688238.529242,33.3043333155635,126.317259371937
250217.095032,3688238.408486,33.3043322620863,126.317261003868
250217.250819,3688238.28594,33.3043311940584,126.3172627093
250217.404826,3688238.167443,33.3043301620994,126.317264394515
250217.553206,3688238.034628,33.3043289998305,126.317266023305
250217.714446,3688237.923001,33.304328031447,126.317267784233
250217.864308,3688237.797603,33.3043269363489,126.317269426877
250218.018951,3688237.676705,33.3043258829041,126.317271119579
250218.17053,3688237.54946,33.3043247715625,126.317272781156
250218.314123,3688237.423696,33.3043236717134,126.317274356634
250218.459423,3688237.288932,33.3043224911699,126.317275952913
250218.602496,3688237.154491,33.3043213130203,126.317277525207
250218.747455,3688237.018154,33.3043201182248,126.317279118261
250218.892066,3688236.884343,33.304318946108,126.317280706884
250219.030596,3688236.743805,33.3043177119711,126.317282232114
250219.161698,3688236.601302,33.3043164584076,126.317283678184
250219.306426,3688236.464033,33.3043152551612,126.317285269017
250219.445734,3688236.329329,33.3043140737691,126.317286800984
250219.580441,3688236.192118,33.3043128687222,126.317288284275
250219.71902,3688236.050901,33.3043116284788,126.317289810218
250219.861008,3688235.91404,33.3043104282732,126.317291371538
250220.002895,3688235.785326,33.3043093014489,126.317292929524
250220.14181,3688235.649084,33.3043081061081,126.3172944577
250220.281943,3688235.51414,33.3043069227447,126.317295998585
250220.418054,3688235.371196,33.3043056663687,126.317297498524
250220.560449,3688235.238208,33.3043045011532,126.317299063141
250220.694021,3688235.101164,33.3043032973477,126.317300534207
250220.815557,3688234.946287,33.3043019300765,126.317301881049
250220.957512,3688234.811499,33.3043007485409,126.317303441441
250221.085695,3688234.670681,33.3042995094823,126.317304855725
250221.232668,3688234.538107,33.3042983490581,126.31730646935
250221.374012,3688234.400378,33.3042971408823,126.317308023998
250221.504353,3688234.25451,33.3042958568233,126.317309462831
250221.637083,3688234.11018,33.3042945871756,126.317310926873
250221.767578,3688233.963667,33.3042932973408,126.317312367536
250221.891199,3688233.808513,33.304291928057,126.317313736826
250222.014239,3688233.654087,33.3042905651977,126.317315099682
250222.134693,3688233.502908,33.3042892309945,126.317316433892
250222.248251,3688233.340275,33.304287791992,126.317317697271
250222.362428,3688233.178916,33.3042863646117,126.317318966939
250222.482311,3688233.024723,33.3042850031199,126.317320295855
250222.587273,3688232.862334,33.3042835643232,126.317321466931
250222.697135,3688232.699638,33.3042821238962,126.317322690668
250222.781009,3688232.521928,33.3042805421685,126.317323639699
250222.879229,3688232.350671,33.304279021908,126.31732474088
250222.965611,3688232.175783,33.3042774661879,126.317325716042
250223.059381,3688232.005547,33.304275954095,126.317326769193
250223.1491,3688231.829816,33.304274391553,126.317327780394
250223.260088,3688231.669654,33.3042729742184,126.317329015514
250223.349546,3688231.499738,33.3042714640091,126.317330022308
250223.434314,3688231.319839,33.3042698627657,126.317330981535
250223.496505,3688231.144549,33.3042682978158,126.317331697238
250223.580565,3688230.972082,33.3042667633707,126.317332646816
250223.671422,3688230.795247,33.3042651911454,126.317333670532
250223.766246,3688230.622138,33.304263653411,126.317334735785
250223.826793,3688230.434695,33.3042619785812,126.317335437202
250223.921357,3688230.260466,33.3042604306953,126.317336499975
250224.000905,3688230.082688,33.304258847352,126.317337402605
250224.080444,3688229.903213,33.3042572487166,126.317338305607
250224.165108,3688229.727639,33.3042556864172,126.317339262524
250224.247856,3688229.549145,33.3042540973645,126.317340199688
250224.343793,3688229.377553,33.3042525735562,126.317341276465
250224.432703,3688229.201912,33.3042510116375,126.317342278959
250224.520893,3688229.026547,33.3042494520386,126.317343273652
250224.628044,3688228.861044,33.3042479856917,126.317344469074
250224.722438,3688228.686516,33.3042464350723,126.317345530105
250224.835838,3688228.52889,33.304245041146,126.317346790405
250224.957308,3688228.371466,33.3042436509103,126.31734813724
250225.07956,3688228.222999,33.3042423415587,126.317349489994
250225.204678,3688228.077538,33.3042410599555,126.31735087267
250225.336987,3688227.935342,33.3042398094369,126.317352331604
250225.465049,3688227.783939,33.3042384749786,126.317353747509
250225.593832,3688227.634793,33.304237161023,126.317355170528
250225.716421,3688227.48142,33.3042358075463,126.317356528252
250225.846931,3688227.33885,33.3042345532409,126.317357967986
250225.996223,3688227.210339,33.3042334299611,126.31735960537
250226.131962,3688227.070109,33.3042321979512,126.317361100565
250226.27496,3688226.932708,33.3042309931133,126.317362672868
250226.402841,3688226.788114,33.3042297199621,126.317364084952
250226.54449,3688226.656987,33.3042285713404,126.317365641048
250226.692483,3688226.534402,33.3042275011527,126.317367262858
250226.839263,3688226.40494,33.304226368722,126.317368873551
250226.983993,3688226.277733,33.3042252561336,126.317370461624
250227.120638,3688226.137411,33.3042240235047,126.317371966566
250227.248082,3688225.997474,33.3042227922118,126.317373372674
250227.391259,3688225.874316,33.3042217157449,126.317374942966
250227.55409,3688225.760136,33.3042207247259,126.317376721668
250227.71086,3688225.640958,33.3042196872698,126.317378436714
250227.869733,3688225.523076,33.3042186619781,126.317380173968
250228.035963,3688225.421262,33.3042177831648,126.317381985727
250228.207665,3688225.324129,33.3042169477959,126.317383854909
250228.380741,3688225.229431,33.3042161346847,126.317385738161
250228.555974,3688225.147416,33.3042154363477,126.317387641057
250228.724535,3688225.050131,33.304214598881,126.317389476577
250228.906588,3688224.974721,33.3042139616359,126.317391450828
250229.092849,3688224.906357,33.3042133888509,126.317393468286
250229.27183,3688224.836126,33.3042127975566,126.317395408145
250229.454642,3688224.770107,33.3042122451004,126.317397387947
250229.635117,3688224.704575,33.3042116964904,126.31739934254
250229.814142,3688224.630574,33.3042110712385,126.317401283911
250230.002328,3688224.573033,33.3042105964149,126.317403319037
250230.192973,3688224.520265,33.3042101651661,126.317405379229
250230.382716,3688224.466548,33.3042097251577,126.317407430006
250230.571884,3688224.406188,33.3042092251625,126.317409476446
250230.758227,3688224.354357,33.3042088013588,126.31741149022
250230.942908,3688224.304109,33.3042083914327,126.317413485723
250231.125743,3688224.253047,33.3042079737445,126.317415461644
250231.318111,3688224.201966,33.3042075580948,126.317417539859
250231.506417,3688224.149707,33.3042071308897,126.317419574813
250231.693228,3688224.098638,33.30420671406,126.317421593398
250231.883296,3688224.048281,33.3042063044003,126.317423646734
250232.063369,3688223.981741,33.3042057466146,126.317425597291
250232.249276,3688223.932376,33.3042053449283,126.317427605705
250232.439024,3688223.879383,33.3042049114439,126.317429656335
250232.625549,3688223.813731,33.3042043631546,126.317431675877
250232.811648,3688223.753622,33.304203864709,126.317433689317
250232.991725,3688223.682949,33.3042032696857,126.317435641058
250233.168918,3688223.590938,33.304202481738,126.317437567743
250233.346876,3688223.50555,33.3042017536409,126.317439500809
250233.517627,3688223.401622,33.3042008568275,126.317441361661
250233.681668,3688223.289254,33.3041998824141,126.317443152844
250233.835048,3688223.16884,33.3041988330348,126.317444831856
250233.99565,3688223.057706,33.3041978689426,126.317446585798
250234.141926,3688222.932282,33.3041967727764,126.317448189967
250234.28726,3688222.79879,33.3041956036989,126.317449786255
250234.432226,3688222.667407,33.3041944535383,126.317451378012
250234.554091,3688222.514457,33.3041931037038,126.317452727848
250234.679913,3688222.370163,33.3041918327772,126.317454117753
250234.781077,3688222.201723,33.304190338579,126.317455249743
250234.879032,3688222.038045,33.3041888865426,126.317456345986
250234.961482,3688221.85688,33.304187273354,126.317457280687
250235.041179,3688221.673646,33.3041856408855,126.317458186419
250235.13745,3688221.503555,33.3041841306775,126.317459266362
250235.209991,3688221.318561,33.3041824806926,126.317460095796
250235.275522,3688221.13058,33.3041808021699,126.317460850837
250235.333911,3688220.944773,33.3041791415794,126.317461528644
250235.385468,3688220.758666,33.3041774767023,126.317462133226
250235.420788,3688220.562465,33.3041757171144,126.317462566371
250235.450499,3688220.367063,33.3041739634253,126.317462939111
250235.481048,3688220.171442,33.3041722079573,126.317463320903
250235.516444,3688219.980094,33.3041704921126,126.317463753524
250235.548342,3688219.784471,33.3041687369392,126.317464149792
250235.570785,3688219.589661,33.3041669868993,126.317464444382
250235.559416,3688219.398859,33.3041652651341,126.317464375063
250235.565992,3688219.200393,33.3041634784757,126.317464500409
250235.56068,3688219.000773,33.3041616786641,126.317464498516
250235.555771,3688218.809927,33.3041599579998,126.317464498525
250235.550393,3688218.6113,33.3041581671199,126.317464495649
250235.561108,3688218.413611,33.3041563884216,126.317464665192
250235.556123,3688218.219862,33.3041546415837,126.317464665187
250235.560633,3688218.02905,33.304152923409,126.317464766252
250235.574805,3688217.833735,33.3041511669019,126.317464972234
250235.588773,3688217.637031,33.3041493978326,126.317465176411
250235.602299,3688217.443142,33.304147654024,126.317465375067
250235.608731,3688217.245931,33.3041458786398,126.317465498522
250235.603627,3688217.04755,33.3041440900398,126.317465498519
250235.611915,3688216.852303,33.3041423327814,126.317465641346
250235.593773,3688216.664511,33.3041406365664,126.317465498521
250235.588817,3688216.471868,33.3041388997003,126.317465498522
250235.583648,3688216.274943,33.3041371242038,126.317465497419
250235.594548,3688216.076124,33.3041353353671,126.317465669259
250235.589322,3688215.887725,33.3041336366769,126.317465665191
250235.58428,3688215.69175,33.3041318697694,126.317465665188
250235.571668,3688215.492497,33.3041300715724,126.317465584865
250235.546453,3688215.303566,33.3041283634554,126.317465366461
250235.538369,3688215.105182,33.3041265741377,126.317465334482
250235.511393,3688214.909291,33.3041248029028,126.317465099104
250235.477118,3688214.717923,33.3041230707283,126.31746478416
250235.442585,3688214.525112,33.3041213254926,126.317464466845
250235.407746,3688214.330594,33.3041195648059,126.317464146717
250235.372567,3688214.13458,33.3041177905614,126.317463823355
250235.336494,3688213.941281,33.3041160405718,126.317463489651
250235.310137,3688213.744688,33.3041142631554,126.317463261108
250235.263176,3688213.560705,33.3041125945793,126.317462808004
250235.240005,3688213.369863,33.304110869718,126.31746261206
250235.204422,3688213.17341,33.3041090914244,126.317462284484
250235.175951,3688212.982974,33.3041073689927,126.317462031559
250235.18328,3688212.783784,33.3041055759855,126.317462165185
250235.167821,3688212.585766,33.3041037882559,126.317462053972
250235.158016,3688212.388204,33.3041020059455,126.3174620033
250235.137038,3688212.193849,33.3041002499403,126.317461831857
250235.132146,3688212.003711,33.3040985356591,126.317461831852
250235.122357,3688211.815817,33.3040968404612,126.317461778684
250235.106582,3688211.618847,33.3040950621009,126.317461663791
250235.093411,3688211.424517,33.3040933081306,126.31746157611
250235.078242,3688211.235681,33.3040916031982,126.317461465474
250235.060725,3688211.038828,33.3040898254883,126.317461331857
250235.056968,3688210.839666,33.3040880301637,126.317461346522
250235.066269,3688210.644349,33.3040862725094,126.317461500238
250235.06105,3688210.447723,33.3040844996954,126.317461498516
250235.055969,3688210.250202,33.3040827188494,126.317461498522
250235.06554,3688210.051925,33.304080934588,126.317461655952
250235.089471,3688209.855896,33.3040791739098,126.317461966845
250235.11311,3688209.667685,33.3040774836043,126.317462272447
250235.128845,3688209.469126,33.3040756982309,126.317462496095
250235.156778,3688209.271694,33.3040739258393,126.317462850317
250235.191357,3688209.082953,33.3040722332943,126.317463273451
250235.22324,3688208.887298,33.3040704778291,126.317463669566
250235.252162,3688208.690781,33.3040687139109,126.317464034147
250235.309138,3688208.502718,33.3040670326662,126.317464697414
250235.341806,3688208.315227,33.3040653509408,126.317465099698
250235.387399,3688208.1251,33.3040636484609,126.317465641395
250235.440236,3688207.934655,33.3040619447949,126.317466260908
250235.488297,3688207.749945,33.3040602916944,126.317466827591
250235.530108,3688207.56389,33.3040586250266,126.317467327584
250235.582158,3688207.38358,33.3040570124947,126.317467935854
250235.652401,3688207.199958,33.3040553743388,126.31746874025
250235.715876,3688207.015007,33.3040537226397,126.317469472392
250235.781355,3688206.82859,33.3040520581964,126.317470226442
250235.8488,3688206.642809,33.3040503999392,126.317471001412
250235.930137,3688206.460643,33.3040487774734,126.317471924444
250236.014844,3688206.287187,33.3040472342659,126.317472881233
250236.091972,3688206.109815,33.3040456540184,126.317473757779
250236.175438,3688205.936352,33.3040441104602,126.317474701254
250236.248833,3688205.753438,33.3040424794139,126.317475539275
250236.357261,3688205.597249,33.3040410972809,126.317476745823
250236.4754,3688205.43795,33.3040396893776,126.317478057429
250236.599611,3688205.295542,33.3040384350701,126.317479429525
250236.733148,3688205.14909,33.3040371464877,126.317480902805
250236.861423,3688205.000739,33.3040358395756,126.317482320148
250236.997983,3688204.856121,33.3040345682182,126.317483825359
250237.127996,3688204.705436,33.3040332406795,126.317485261995
250237.266199,3688204.564175,33.3040319999497,126.317486783908
250237.396508,3688204.418461,33.3040307172684,126.317488222348
250237.553472,3688204.295146,33.3040296425809,126.317489940613
250237.706833,3688204.176166,33.3040286061168,126.317491619021
250237.867551,3688204.068677,33.3040276748921,126.317493373198
250238.022346,3688203.947013,33.3040266145774,126.317495067733
250238.175839,3688203.824461,33.3040255459599,126.317496748544
250238.347904,3688203.724477,33.3040246849855,126.317498622402
250238.509625,3688203.619073,33.3040237727791,126.317500386765
250238.66597,3688203.511697,33.3040228415587,126.317502093988
250238.827459,3688203.403482,33.3040219039713,126.317503856638
250238.996272,3688203.297751,33.3040209904624,126.317505697188
250239.150893,3688203.173248,33.3040199045277,126.31750739064
250239.318713,3688203.069099,33.3040190050424,126.317509220099
250239.486895,3688202.965002,33.3040181061095,126.317511053428
250239.645856,3688202.850867,33.3040171145966,126.317512790586
250239.809151,3688202.737704,33.3040161328461,126.31751457398
250239.975586,3688202.637388,33.304015267575,126.317516387519
250240.137502,3688202.530093,33.3040143383756,126.317518154497
250240.300939,3688202.418269,33.3040133687222,126.317519939044
250240.460919,3688202.299973,33.3040123399547,126.317521688285
250240.62552,3688202.194683,33.3040114294426,126.317523483518
250240.788094,3688202.085987,33.3040104877725,126.317525257942
250240.944668,3688201.975801,33.3040095312867,126.317526968398
250241.107339,3688201.864732,33.3040085682583,126.317528744518
250241.270424,3688201.759647,33.3040076592418,126.317530523428
250241.432951,3688201.650557,33.3040067140107,126.317532297456
250241.600156,3688201.546198,33.3040058124904,126.317534120373
250241.769948,3688201.451458,33.304004998237,126.317535968394
250241.938318,3688201.354637,33.3040041649042,126.317537801731
250242.110973,3688201.256823,33.3040033236176,126.31753968132
250242.27745,3688201.150352,33.3040024028992,126.317541497009
250242.44354,3688201.040375,33.304001450502,126.317543309513
250242.613179,3688200.939272,33.3040005788823,126.317545157648
250242.78676,3688200.846761,33.3039997855903,126.317547045709
250242.947679,3688200.740405,33.3039988646197,126.317548801729
250243.104518,3688200.620876,33.3039978240143,126.317550517606
250243.27624,3688200.526944,33.3039970174882,126.317552386112
250243.439205,3688200.425183,33.3039961383928,126.317554162817
250243.616946,3688200.33818,33.3039953956921,126.317556093994
250243.779938,3688200.235621,33.3039945094129,126.317557871209
250243.937844,3688200.11418,33.3039934518276,126.317559599063
250244.110305,3688200.018089,33.3039926260199,126.317561476094
250244.285545,3688199.936155,33.3039919284113,126.317563379036
250244.464725,3688199.853999,33.3039912297156,126.317565324316
250244.647832,3688199.781459,33.3039906185705,126.317567309078
250244.821552,3688199.698305,33.3039899096172,126.317569196048
250245.003284,3688199.617075,33.3039892198562,126.317571168455
250245.182892,3688199.534412,33.3039885166915,126.317573118467
250245.368091,3688199.460801,33.3039878963814,126.317575125971
250245.549874,3688199.38438,33.3039872499614,126.317577097598
250245.726981,3688199.301839,33.3039865473161,126.317579020741
250245.907595,3688199.224767,33.3039858947595,126.317580980004
250246.091515,3688199.146224,33.3039852297154,126.317582975146
250246.268526,3688199.064746,33.3039845366254,126.317584896965
250246.441958,3688198.966053,33.3039836875984,126.317586785133
250246.620653,3688198.882813,33.303982979023,126.317588725508
250246.80416,3688198.80451,33.3039823160455,126.317590716152
250246.988145,3688198.726256,33.3039816536202,126.317592711912
250247.17067,3688198.66045,33.3039811030132,126.31759468857
250247.351373,3688198.580969,33.3039804287718,126.317596649453
250247.527144,3688198.490414,33.3039796536102,126.317598560472
250247.710952,3688198.429722,33.3039791493778,126.317600549485
250247.891836,3688198.352475,33.3039784953066,126.317602511693
250248.07499,3688198.274259,33.3039778330309,126.317604498525
250248.258143,3688198.196043,33.3039771707549,126.317606485347
250248.439027,3688198.118796,33.3039765166837,126.317608447555
250248.630259,3688198.074508,33.3039761619722,126.3176105117
250248.813412,3688197.996292,33.3039754996961,126.317612498521
250249.002978,3688197.934979,33.3039749912028,126.317614549489
250249.197513,3688197.889466,33.3039746262195,126.317616649413
250249.384889,3688197.830097,33.303974134734,126.317618676345
250249.570825,3688197.768058,33.303973618858,126.317620688563
250249.757189,3688197.709527,33.3039731346882,126.317622704405
250249.950071,3688197.669036,33.30397281457,126.317624785205
250250.1434,3688197.628798,33.3039724968349,126.317626870733
250250.338178,3688197.603691,33.3039723157662,126.317628967631
250250.535589,3688197.581335,33.3039721600944,126.317631092022
250250.728216,3688197.558578,33.3039719997007,126.317633165191
250250.922664,3688197.526489,33.3039717556474,126.317635260476
250251.113396,3688197.501905,33.3039715783531,126.317637313816
250251.312283,3688197.488057,33.3039714996805,126.317639451696
250251.507173,3688197.464076,33.3039713287829,126.317641549486
250251.698525,3688197.440103,33.3039711571373,126.31764360931
250251.893157,3688197.415865,33.3039709838642,126.317645704402
250252.088029,3688197.394111,33.3039708330276,126.317647801383
250252.28555,3688197.388815,33.3039708310919,126.317649922245
250252.48113,3688197.402497,33.3039709996985,126.317652017042
250252.674567,3688197.397521,33.3039709996994,126.317654093995
250252.873007,3688197.392416,33.3039709996975,126.317656224665
250253.064187,3688197.402981,33.3039711391999,126.317658273111
250253.260277,3688197.382454,33.3039709997007,126.317660382822
250253.4595,3688197.377329,33.3039709997,126.3176625219
250253.657082,3688197.375707,33.303971030881,126.317664642403
250253.855909,3688197.386153,33.3039711710835,126.317666772933
250254.052088,3688197.380583,33.3039711663677,126.317668879472
250254.242978,3688197.379339,33.3039711994033,126.317670928065
250254.436979,3688197.391795,33.3039713565973,126.317673006258
250254.635481,3688197.406581,33.3039715358278,126.317675132103
250254.829792,3688197.427288,33.3039717674353,126.317677211345
250255.023484,3688197.453336,33.3039720470218,126.31767928247
250255.21807,3688197.483741,33.3039723660721,126.317681361986
250255.416157,3688197.505493,33.3039726079701,126.317683481455
250255.604037,3688197.5402,33.3039729642271,126.317685487828
250255.79031,3688197.587613,33.3039734345931,126.317687473451
250255.978818,3688197.637988,33.3039739321646,126.317689482237
250256.164513,3688197.700171,33.3039745354746,126.317691457581
250256.350148,3688197.765408,33.3039751662872,126.317693431438
250256.533753,3688197.836766,33.3039758517796,126.317695381823
250256.7132,3688197.916788,33.303976614371,126.317697285202
250256.881479,3688198.005239,33.3039774503195,126.317699066422
250257.048697,3688198.099069,33.3039783344869,126.317700834772
250257.228365,3688198.182677,33.3039791294395,126.317702739533
250257.397516,3688198.285913,33.3039800988032,126.317704526028
250257.56325,3688198.393333,33.3039811050728,126.317706274704
250257.71495,3688198.519771,33.3039822794423,126.317707867546
250257.858388,3688198.653941,33.3039835215623,126.317709369603
250258.002063,3688198.783118,33.3039847187502,126.317710875581
250258.125462,3688198.939962,33.303986160519,126.31771215636
250258.241267,3688199.093588,33.3039875715333,126.317713356545
250258.341203,3688199.261861,33.3039891108395,126.317714382412
250258.435747,3688199.435844,33.3039907003431,126.317715348847
250258.510042,3688199.61115,33.3039922970738,126.317716097644
250258.564115,3688199.791193,33.303993931798,126.317716628153
250258.616417,3688199.975874,33.3039956079002,126.317717138378
250258.666508,3688200.166666,33.3039973385502,126.317717623192
250258.680473,3688200.36127,33.3039990951734,126.317717719322
250258.701072,3688200.558209,33.3040008743725,126.317717885991
250258.716635,3688200.755511,33.3040026556751,126.317717998523
250258.715322,3688200.952987,33.304004434634,126.317717929927
250258.692212,3688201.146336,33.3040061713566,126.317717628589
250258.66216,3688201.343866,33.3040079441411,126.317717251609
250258.609053,3688201.531867,33.3040096257255,126.317716629878
250258.548415,3688201.720242,33.3040113089341,126.317715927237
250258.476097,3688201.905711,33.3040129632526,126.317715100072
250258.377888,3688202.078764,33.3040144997017,126.317713998522
250258.284555,3688202.247523,33.3040159985918,126.317712950478
250258.164325,3688202.402461,33.3040173667204,126.317711617643
250258.032059,3688202.550717,33.3040186718544,126.317710157506
250257.884462,3688202.675516,33.3040197620869,126.317708539343
250257.7295,3688202.792883,33.3040207836499,126.317706844204
250257.552037,3688202.881126,33.3040215375898,126.317704915667
250257.376457,3688202.954955,33.3040221620956,126.317703011314
250257.189409,3688203.022216,33.3040227247656,126.317700985723
250257.002051,3688203.075015,33.3040231570607,126.317698960796
250256.808823,3688203.099622,33.3040233339847,126.317696880666
250256.61294,3688203.123053,33.3040234996976,126.317694772373
250256.416797,3688203.142929,33.3040236333195,126.317692662271
250256.221485,3688203.151621,33.3040236663659,126.317690564172
250256.023927,3688203.156703,33.3040236663655,126.317688442971
250255.826117,3688203.161792,33.3040236663697,126.317686319063
250255.626218,3688203.166934,33.3040236663672,126.317684172726
250255.428822,3688203.172012,33.3040236663682,126.317682053264
250255.229304,3688203.177016,33.3040236652106,126.317679911053
250255.041251,3688203.20048,33.3040238330353,126.317677886766
250254.849595,3688203.20541,33.3040238330331,126.317675828935
250254.653705,3688203.191743,33.3040236644902,126.317673730807
250254.456155,3688203.197033,33.3040236663654,126.317671609633
250254.258541,3688203.202116,33.3040236663608,126.317669487831
250254.058664,3688203.207258,33.3040236663631,126.31766734173
250253.858792,3688203.2124,33.3040236663666,126.317665195683
250253.661623,3688203.216844,33.3040236607075,126.317663078831
250253.465166,3688203.204028,33.3040234997005,126.317660974384
250253.265799,3688203.205489,33.304023466655,126.317658834771
250253.070213,3688203.19569,33.304023333033,126.317656738837
250252.872548,3688203.200775,33.3040233330342,126.317654616486
250252.678124,3688203.187121,33.3040231649478,126.317652534084
250252.479876,3688203.192628,33.3040231686161,126.317650405362
250252.288222,3688203.17881,33.304022999694,126.317648352727
250252.091383,3688203.182849,33.3040229904621,126.317646239528
250251.893898,3688203.163456,33.3040227699576,126.317644125866
250251.698498,3688203.15575,33.3040226552364,126.317642031349
250251.505402,3688203.143788,33.3040225027026,126.31763996273
250251.316442,3688203.129818,33.3040223330352,126.317637939044
250251.121428,3688203.134834,33.3040223330289,126.317635845158
250250.923509,3688203.139926,33.304022333034,126.31763372008
250250.728939,3688203.172018,33.3040225770859,126.317631623484
250250.532898,3688203.205347,33.3040228319422,126.317629510763
250250.346046,3688203.251207,33.3040232018329,126.317627493181
250250.15761,3688203.300331,33.3040236007651,126.317625457702
250249.973466,3688203.369163,33.3040241782616,126.317623462836
250249.787995,3688203.426787,33.3040246544662,126.317621456825
250249.603251,3688203.50271,33.3040252957136,126.317619453564
250249.422153,3688203.581725,33.3040259656651,126.31761748857
250249.245185,3688203.669581,33.3040267162314,126.317615565452
250249.081946,3688203.766496,33.3040275516016,126.317613787145
250248.920374,3688203.879487,33.3040285322033,126.317612022287
250248.758541,3688203.991298,33.3040295021127,126.317610254954
250248.602602,3688204.110994,33.3040305444321,126.317608548688
250248.466942,3688204.251308,33.3040317772205,126.317607054324
250248.346503,3688204.408475,33.3040331653828,126.31760571863
250248.237058,3688204.568957,33.3040345859615,126.317604499986
250248.142504,3688204.740165,33.3040361066332,126.317603438162
250248.055022,3688204.915498,33.3040376661103,126.317602451082
250247.973097,3688205.096751,33.3040392802149,126.317601521995
250247.907492,3688205.283999,33.3040409521172,126.317600766366
250247.84523,3688205.464791,33.3040425666257,126.31760004839
250247.792395,3688205.647692,33.3040442023213,126.317599430984
250247.750428,3688205.842396,33.3040459468813,126.317598926933
250247.72166,3688206.038507,33.3040477071776,126.317598564119
250247.672973,3688206.228406,33.3040494068868,126.317597989289
250247.656463,3688206.425607,33.3040511798453,126.317597757703
250247.652863,3688206.62083,33.3040529379744,126.317597665187
250247.658287,3688206.816291,33.3040547003394,126.317597669433
250247.677963,3688207.007914,33.3040564314274,126.317597827663
250247.703329,3688207.20246,33.3040581901705,126.317598046139
250247.748884,3688207.394733,33.3040599331133,126.317598481872
250247.802434,3688207.582299,33.3040616354991,126.31759900469
250247.884764,3688207.754542,33.3040632064951,126.317599840547
250247.970661,3688207.925429,33.3040647661003,126.317600715052
250248.064237,3688208.101462,33.3040663738509,126.317601670533
250248.169344,3688208.266903,33.30406788884,126.317602752666
250248.295225,3688208.412627,33.3040692309937,126.317604063146
250248.428815,3688208.55575,33.3040705514991,126.317605457062
250248.56269,3688208.691922,33.3040718094418,126.317606855955
250248.71525,3688208.819508,33.3040729943554,126.317608457708
250248.877196,3688208.926071,33.3040739920268,126.317610165976
250249.044799,3688209.030136,33.3040749685024,126.317611935633
250249.213539,3688209.122432,33.3040758392025,126.317613720739
250249.391388,3688209.207021,33.3040766425737,126.317615605712
250249.579746,3688209.269216,33.3040772466102,126.317617609628
250249.76733,3688209.327916,33.3040778189773,126.317619606204
250249.954928,3688209.373422,33.3040782724694,126.317621606572
250250.151273,3688209.394062,33.3040785039456,126.317623707659
250250.343372,3688209.411943,33.304078709579,126.317625763948
250250.542113,3688209.430441,33.3040789223111,126.317627891336
250250.739239,3688209.44879,33.3040791333262,126.317630001436
250250.934432,3688209.466958,33.3040793422626,126.317632090845
250251.132079,3688209.485355,33.3040795538309,126.317634206522
250251.325267,3688209.5027,33.3040797548872,126.317636274644
250251.517386,3688209.528596,33.3040800327403,126.317638328935
250251.714513,3688209.546944,33.3040802437466,126.317640439046
250251.913253,3688209.565443,33.3040804564872,126.317642566423
250252.107709,3688209.602467,33.3040808351454,126.317644642719
250252.300338,3688209.621156,33.3040810481814,126.317646704472
250252.492413,3688209.649879,33.3040813514955,126.317648757511
250252.680304,3688209.684788,33.3040817095758,126.317650763949
250252.875946,3688209.714837,33.304082025664,126.317652854896
250253.065106,3688209.756101,33.304082441297,126.317654873195
250253.250277,3688209.793495,33.3040828211367,126.317656849761
250253.436961,3688209.830946,33.3040832018406,126.317658842546
250253.628078,3688209.878732,33.3040836766905,126.317660880044
250253.815095,3688209.927795,33.3040841620959,126.317662873196
250254.004781,3688209.990112,33.3040847675388,126.317664891329
250254.193938,3688210.039926,33.3040852602066,126.317666907236
250254.372369,3688210.121513,33.3040860366639,126.317668799283
250254.550528,3688210.197443,33.3040867620883,126.317670689974
250254.731525,3688210.278763,33.3040875367345,126.317672609628
250254.899765,3688210.374835,33.3040884413398,126.317674388327
250255.057942,3688210.489058,33.3040895071535,126.317676054041
250255.218906,3688210.594749,33.3040904967397,126.317677752014
250255.386557,3688210.698133,33.3040914670897,126.317679522375
250255.543912,3688210.81444,33.3040925514897,126.317681178693
250255.697568,3688210.941971,33.3040937361609,126.317682792223
250255.855797,3688211.059046,33.3040948276832,126.317684457707
250255.994232,3688211.193785,33.3040960737707,126.317685905926
250256.135922,3688211.334701,33.3040973762675,126.317687387366
250256.254261,3688211.493933,33.3040988383796,126.317688613193
250256.36292,3688211.659752,33.3041003575972,126.317689733337
250256.440083,3688211.841388,33.3041020120262,126.317690511161
250256.514986,3688212.017124,33.3041036127723,126.317691266364
250256.593947,3688212.194695,33.3041052309923,126.317692064604
250256.644715,3688212.384632,33.3041069540957,126.317692556918
250256.675369,3688212.57863,33.3041087091269,126.317692832288
250256.69596,3688212.776831,33.3041104996948,126.317692998522
250256.690916,3688212.97301,33.3041122661029,126.31769289025
250256.655036,3688213.168853,33.3041140223365,126.3176924512
250256.615171,3688213.359518,33.3041157309926,126.31769197082
250256.542596,3688213.543152,33.3041173687178,126.317691141402
250256.455752,3688213.718525,33.304118928704,126.317690161157
250256.371826,3688213.892426,33.3041204761037,126.317689212629
250256.252726,3688214.046685,33.3041218383761,126.317687892104
250256.124649,3688214.199158,33.3041231824758,126.317686475749
250255.977502,3688214.333312,33.304124357101,126.31768485983
250255.823941,3688214.458595,33.3041254503115,126.317683177536
250255.661234,3688214.566333,33.3041263833214,126.317681401948
250255.490765,3688214.666271,33.304127244254,126.317679545227
250255.323754,3688214.767143,33.3041281144035,126.317677725353
250255.154122,3688214.859177,33.3041289043148,126.317675879794
250254.987888,3688214.9627,33.3041297985299,126.317674067525
250254.808553,3688215.043826,33.3041304879109,126.317672120864
250254.629711,3688215.117084,33.3041311065153,126.317670181665
250254.459456,3688215.206326,33.3041318711261,126.317668330192
250254.268648,3688215.260271,33.3041323129464,126.317666267928
250254.084739,3688215.331964,33.3041329162756,126.317664274792
250253.888975,3688215.364757,33.3041331663671,126.317662165188
250253.699485,3688215.394137,33.3041333871616,126.317660123847
250253.504041,3688215.431473,33.3041336782598,126.317658016423
250253.314872,3688215.467082,33.3041339552521,126.317655976807
250253.115489,3688215.477144,33.3041339996979,126.317653834646
250252.917735,3688215.467118,33.3041338635279,126.317651715509
250252.725524,3688215.46853,33.3041338316992,126.317649652691
250252.529778,3688215.451681,33.3041336345192,126.317647556983
250252.333699,3688215.440819,33.3041334912049,126.31764545605
250252.145024,3688215.405027,33.3041331249869,126.317643441443
250251.946623,3688215.396395,33.3041330012267,126.317641314978
250251.752052,3688215.375554,33.3041327683509,126.31763923298
250251.55562,3688215.350593,33.3041324979224,126.317637132151
250251.3609,3688215.338622,33.3041323449309,126.317635046106
250251.16367,3688215.323877,33.3041321663637,126.317632933894
250250.965128,3688215.328985,33.3041321663684,126.317630802124
250250.766902,3688215.320382,33.3041320429098,126.31762867753
250250.569579,3688215.298652,33.304131801386,126.317626566248
250250.371752,3688215.288919,33.3041316678386,126.317624446247
250250.177878,3688215.262755,33.3041313871637,126.317622373197
250249.986629,3688215.224671,33.3041309996977,126.317620331604
250249.787044,3688215.227736,33.3041309810529,126.317618189207
250249.593917,3688215.197778,33.304130666367,126.31761612522
250249.395372,3688215.184387,33.3041304996943,126.317613998524
250249.197637,3688215.173623,33.3041303568787,126.317611879795
250249.002299,3688215.150007,33.3041300988217,126.317609790333
250248.804793,3688215.144086,33.3041299996946,126.317607672724
250248.614832,3688215.11727,33.3041297140519,126.317605641841
250248.421527,3688215.098452,33.3041294996962,126.317603572869
250248.224328,3688215.097517,33.3041294455641,126.317601457178
250248.024874,3688215.090158,33.3041293330289,126.317599319064
250247.829127,3688215.095194,33.3041293330321,126.317597217305
250247.637732,3688215.100118,33.3041293330349,126.317595162273
250247.441159,3688215.084794,33.3041291494025,126.317593057271
250247.247274,3688215.073542,33.304129003082,126.317590979987
250247.049538,3688215.059717,33.304128832686,126.317588862092
250246.850922,3688215.040628,33.3041286146573,126.317586736208
250246.654224,3688215.033106,33.304128501292,126.317584627711
250246.459292,3688215.019446,33.3041283330325,126.317582539857
250246.265218,3688215.00662,33.3041281724863,126.31758046098
250246.068633,3688214.992406,33.304127998852,126.317578355543
250245.873665,3688214.979018,33.3041278330348,126.317576267228
250245.6768,3688214.965462,33.3041276652642,126.317574158605
250245.478362,3688214.952191,33.3041274996968,126.317572033024
250245.284156,3688214.938689,33.3041273330289,126.317569952917
250245.088809,3688214.943715,33.3041273330343,126.317567855453
250244.891492,3688214.948791,33.3041273330334,126.317565736836
250244.803503,3688215.046402,33.3041281921158,126.317564765769
250244.795878,3688215.242903,33.3041299608266,126.317564629711
250244.780116,3688215.432602,33.3041316663652,126.317564408221
250244.583552,3688215.437237,33.3041316625654,126.317562297806
250244.395027,3688215.473496,33.3041319455619,126.31756026492
250244.205772,3688215.521369,33.3041323330315,126.317558220995
250244.008806,3688215.546862,33.3041325170695,126.317556100509
250243.819839,3688215.598009,33.3041329341046,126.317554058771
250243.632796,3688215.64316,33.3041332975615,126.317552039333
250243.444253,3688215.707441,33.3041338330324,126.317549998519
250243.261642,3688215.783822,33.3041344788995,126.317548018015
250243.081732,3688215.867172,33.3041351881835,126.317546064569
250242.900824,3688215.945652,33.3041358533574,126.317544101759
250242.718419,3688216.018737,33.3041364695751,126.317542124376
250242.541415,3688216.109548,33.3041372467563,126.317540200052
250242.362843,3688216.19324,33.3041379594318,126.317538260869
250242.187585,3688216.281483,33.3041387138799,126.317536355988
250242.008212,3688216.36544,33.3041394287572,126.317534408137
250241.84035,3688216.466756,33.3041403027077,126.317532579007
250241.667457,3688216.564975,33.3041411475879,126.317530696749
250241.5134,3688216.682349,33.304142169421,126.317529011315
250241.356925,3688216.803732,33.3041432268149,126.317527298828
250241.214441,3688216.935484,33.3041443808766,126.317525733603
250241.083233,3688217.085983,33.3041457064628,126.317524284195
250240.964181,3688217.245128,33.3041471127673,126.317522962834
250240.868823,3688217.416767,33.3041486371351,126.317521892261
250240.762072,3688217.582281,33.3041501036757,126.317520701132
250240.683665,3688217.762905,33.3041517129276,126.317519809964
250240.603081,3688217.943142,33.304153318188,126.317518895543
250240.545204,3688218.130581,33.3041549936018,126.31751822278
250240.499273,3688218.322046,33.304156708059,126.317517677087
250240.474384,3688218.518861,33.3041584755972,126.317517355699
250240.460158,3688218.71676,33.3041602553739,126.317517148425
250240.424502,3688218.908601,33.3041619756005,126.31751671288
250240.408739,3688219.105882,33.3041637494527,126.317516489285
250240.402997,3688219.298866,33.3041654869116,126.317516374401
250240.419805,3688219.496505,33.304167271539,126.317516500195
250240.424649,3688219.690859,33.3041690237954,126.317516498521
250240.436883,3688219.886066,33.3041707854503,126.317516575907
250240.460607,3688220.077136,33.3041725124941,126.317516777723
250240.499189,3688220.266738,33.304174229755,126.317517139371
250240.54955,3688220.453663,33.3041759256265,126.317517628147
250240.613718,3688220.63804,33.3041776017408,126.317518265775
250240.67138,3688220.828708,33.304179333029,126.317518831858
250240.734917,3688221.017534,33.3041810490826,126.317519461487
250240.820919,3688221.195551,33.3041826729541,126.317520335151
250240.900765,3688221.372812,33.3041842885871,126.317521142969
250240.982038,3688221.553243,33.3041859331126,126.317521965224
250241.065125,3688221.729605,33.3041875413968,126.317522808067
250241.148979,3688221.906429,33.3041891540214,126.317523659012
250241.230278,3688222.086916,33.3041907990575,126.317524481531
250241.303256,3688222.26636,33.3041924327674,126.317525215053
250241.391362,3688222.443284,33.3041940472786,126.317526111594
250241.475592,3688222.614092,33.3041956057861,126.317526968234
250241.54992,3688222.798467,33.3041972842373,126.317527714881
250241.636309,3688222.970892,33.3041988578144,126.317528594241
250241.701731,3688223.154863,33.3042005305612,126.317529245437
250241.762375,3688223.342288,33.3042022333212,126.317529844412
250241.811695,3688223.532427,33.3042039579095,126.317530321131
250241.84737,3688223.715845,33.3042056187786,126.317530653294
250241.880354,3688223.903887,33.3042073206864,126.317530955306
250241.889415,3688224.099541,33.3042090856333,126.317530998523
250241.894481,3688224.296455,33.3042108610068,126.317530998525
250241.881821,3688224.494534,33.3042126427683,126.317530808005
250241.846807,3688224.685652,33.3042143566295,126.317530379547
250241.798226,3688224.87816,33.3042160798699,126.317529805132
250241.753929,3688225.066924,33.3042177703698,126.317529277717
250241.693396,3688225.252821,33.3042194312746,126.317528576881
250241.644481,3688225.446653,33.3042211663669,126.317527998516
250241.584225,3688225.628652,33.3042227922148,126.317527301728
250241.521461,3688225.81421,33.3042244495481,126.317526577047
250241.463562,3688226.004297,33.3042261488154,126.317525903317
250241.393203,3688226.186664,33.3042277756372,126.317525098022
250241.297359,3688226.35802,33.3042292973425,126.317524022312
250241.204554,3688226.534291,33.3042308640364,126.317522977853
250241.109267,3688226.70731,33.3042324008544,126.31752190766
250241.002729,3688226.872965,33.3042338687147,126.317520718776
250240.905284,3688227.046281,33.3042354077084,126.317519625346
250240.809633,3688227.216673,33.3042369207726,126.317518551972
250240.705755,3688227.380619,33.3042383738513,126.317517392102
250240.585962,3688227.538479,33.304239768406,126.317516063143
250240.467571,3688227.694449,33.3042411462568,126.31751474975
250240.361824,3688227.857955,33.3042425949378,126.317513569946
250240.237852,3688228.01355,33.3042439681161,126.317512196772
250240.105135,3688228.155265,33.3042452142083,126.317510733595
250239.971608,3688228.301466,33.3042465005316,126.317509260488
250239.837421,3688228.439792,33.304247715748,126.317507782473
250239.708927,3688228.585762,33.3042490011566,126.317506363434
250239.56368,3688228.722328,33.3042501979517,126.317504767231
250239.429726,3688228.866291,33.3042514640116,126.31750329016
250239.287839,3688229.003549,33.3042526678204,126.317501729818
250239.148673,3688229.146898,33.30425392714,126.317500196992
250238.998643,3688229.278254,33.3042550758841,126.317498550905
250238.84763,3688229.408704,33.3042562162373,126.31749689452
250238.698505,3688229.540589,33.3042573699575,126.317495257997
250238.542874,3688229.651147,33.3042583300128,126.317493557553
250238.385781,3688229.768979,33.3042593552682,126.317491839412
250238.241841,3688229.902774,33.3042605273993,126.317490257998
250238.07491,3688229.995257,33.3042613219792,126.317488441293
250237.910004,3688230.105878,33.3042622804522,126.317486641309
250237.750481,3688230.22163,33.3042632864033,126.317484897669
250237.576269,3688230.315876,33.3042640951801,126.317483002352
250237.414074,3688230.41661,33.3042649651993,126.317481234187
250237.241599,3688230.514022,33.3042658029044,126.317479356634
250237.063115,3688230.600153,33.3042665375745,126.317477417718
250236.887695,3688230.692213,33.3042673263753,126.317475510042
250236.706638,3688230.768961,33.3042679759079,126.317473546108
250236.534425,3688230.856742,33.3042687268981,126.317471674025
250236.355078,3688230.935757,33.3042693972527,126.317469727813
250236.169973,3688231.004595,33.3042699745777,126.317467722628
250235.981032,3688231.067264,33.3042704954306,126.317465677984
250235.793985,3688231.134525,33.3042710580965,126.317463652396
250235.604574,3688231.194593,33.3042715554054,126.317461603427
250235.416719,3688231.260641,33.3042721069548,126.317459569504
250235.228948,3688231.316342,33.304272565297,126.317457539338
250235.042382,3688231.372001,33.30427302354,126.317455522114
250234.847664,3688231.409415,33.3042733155056,126.317453422455
250234.657302,3688231.453208,33.3042736659557,126.317451367775
250234.470905,3688231.497691,33.3042740235419,126.317449355449
250234.281423,3688231.555413,33.3042744996965,126.317447306366
250234.085185,3688231.584119,33.3042747128503,126.317445192801
250233.898541,3688231.629664,33.3042750799477,126.317443177531
250233.707146,3688231.681175,33.3042754996976,126.317441109636
250233.513526,3688231.709906,33.3042757136834,126.317439024155
250233.322941,3688231.765367,33.3042761692106,126.317436963861
250233.127937,3688231.800725,33.3042764425849,126.317434861701
250232.938876,3688231.856397,33.3042769003664,126.317432817701
250232.746374,3688231.895801,33.3042772107751,126.31743074127
250232.560031,3688231.955097,33.3042777018389,126.317428725434
250232.374764,3688232.014935,33.3042781980354,126.317426720994
250232.190939,3688232.082806,33.3042787669437,126.317424729809
250232.003967,3688232.146508,33.3042792975596,126.317422706008
250231.831997,3688232.240294,33.3042801027105,126.317420834874
250231.658793,3688232.325333,33.3042808287646,126.317418952913
250231.485101,3688232.419691,33.30428163867,126.317417063144
250231.298173,3688232.488954,33.3042822194008,126.317415038279
250231.125144,3688232.580496,33.3042830040875,126.317413156401
250230.95876,3688232.676306,33.3042838287694,126.317411344646
250230.782515,3688232.755778,33.3042845039597,126.317409431592
250230.60687,3688232.850708,33.3042853185659,126.317407520709
250230.441362,3688232.948039,33.3042861571549,126.317405717934
250230.282973,3688233.064809,33.3042871725399,126.317403986179
250230.124817,3688233.178495,33.304288160192,126.317402257776
250229.964849,3688233.290142,33.3042891290526,126.317400510492
250229.805655,3688233.401493,33.3042900954256,126.317398771596
250229.645548,3688233.513887,33.3042910709844,126.317397022615
250229.476697,3688233.619607,33.3042919843835,126.317395181653
250229.321164,3688233.730631,33.3042929486588,126.317393482129
250229.161271,3688233.847568,33.3042939651996,126.31739173419
250228.998497,3688233.955948,33.3042949039739,126.3173899577
250228.830383,3688234.059024,33.3042957937211,126.317388125376
250228.670248,3688234.166478,33.3042967247638,126.317386377458
250228.518845,3688234.290408,33.3042978062796,126.317384718686
250228.351289,3688234.39611,33.3042987198164,126.317382891624
250228.190095,3688234.507669,33.3042996875997,126.317381131209
250228.031827,3688234.625819,33.3043007154462,126.317379400372
250227.866944,3688234.731989,33.3043016338192,126.317377601862
250227.703884,3688234.842091,33.3043025880422,126.317375821827
250227.54056,3688234.950819,33.3043035298242,126.317374039339
250227.38557,3688235.072134,33.3043045869472,126.3173723428
250227.225157,3688235.181664,33.30430553663,126.317370591326
250227.055417,3688235.285046,33.3043064287571,126.31736874147
250226.893691,3688235.394754,33.3043073797392,126.317366975858
250226.736938,3688235.516126,33.3043084369669,126.317365260386
250226.568551,3688235.61891,33.3043093240196,126.317363425212
250226.41956,3688235.74444,33.3043104205102,126.317361791879
250226.256022,3688235.854228,33.3043113717931,126.317360006802
250226.092157,3688235.954853,33.3043122404412,126.317358220746
250225.939176,3688236.076447,33.3043133005434,126.317356545686
250225.800639,3688236.206415,33.3043144394438,126.3173550233
250225.642788,3688236.328313,33.3043155011561,126.317353295901
250225.488684,3688236.448278,33.3043165463206,126.317351609242
250225.339904,3688236.57406,33.3043176451305,126.317349978103
250225.188227,3688236.690975,33.304318663377,126.317348318327
250225.027263,3688236.80301,33.3043196355018,126.317346560248
250224.868508,3688236.921967,33.304320670506,126.317344823961
250224.708224,3688237.039498,33.3043216923074,126.317343071662
250224.55544,3688237.155021,33.3043226977552,126.317341400392
250224.406772,3688237.285441,33.3043238383794,126.317339769174
250224.249734,3688237.405896,33.3043248872785,126.317338050897
250224.095545,3688237.529634,33.3043259664179,126.317336362283
250223.948105,3688237.659576,33.3043271030199,126.317334744374
250223.790634,3688237.773653,33.3043280943526,126.317333023211
250223.642148,3688237.901988,33.304329216233,126.317331394522
250223.505299,3688238.042834,33.3043304535353,126.317329887244
250223.34769,3688238.155001,33.3043314276268,126.317328165128
250223.206469,3688238.293478,33.3043326425708,126.317326611592
250223.054652,3688238.416188,33.3043337129976,126.317324948714
250222.91002,3688238.550643,33.3043348909126,126.317323359688
250222.769248,3688238.688764,33.304336102753,126.317321811069
250222.624373,3688238.81757,33.304337229714,126.317320220995
250222.472235,3688238.945021,33.3043383427828,126.317318553363
250222.323027,3688239.07396,33.3043394699376,126.31731691676
250222.17774,3688239.198944,33.3043405623668,126.31731532332
250222.035571,3688239.335538,33.304341760125,126.317313760132
250221.877792,3688239.454341,33.3043427939674,126.317312034359
250221.73134,3688239.584899,33.3043439363482,126.317310426881
250221.581043,3688239.710694,33.304345034923,126.31730877946
250221.441246,3688239.851828,33.3043462741365,126.31730724047
250221.285288,3688239.970724,33.3043473092388,126.317305534211
250221.136024,3688240.101567,33.3043484535355,126.31730389648
250220.988414,3688240.232434,33.3043495984319,126.317302276491
250220.838758,3688240.357575,33.3043506912626,126.317300636128
250220.690507,3688240.482631,33.3043517836532,126.317299010865
250220.538064,3688240.608556,33.3043528829016,126.317297340381
250220.385232,3688240.736439,33.3043539997015,126.317295665183
250220.237919,3688240.869029,33.3043551601909,126.317294047904
250220.089069,3688240.99704,33.304356279067,126.317292415397
250219.929109,3688241.114303,33.3043572985281,126.317290666647
250219.788042,3688241.250774,33.3043584954332,126.317289115317
250219.634307,3688241.375154,33.3043595804615,126.317287431396
250219.499053,3688241.510623,33.3043607696861,126.317285942716
250219.364042,3688241.650954,33.3043620027736,126.317284455301
250219.232806,3688241.80118,33.3043633258904,126.31728300566
250219.102669,3688241.94543,33.3043645954181,126.317281569462
250218.96204,3688242.083767,33.3043658092373,126.317280022316
250218.838019,3688242.239424,33.3043671829599,126.317278648593
250218.711661,3688242.389785,33.3043685084238,126.317277251256
250218.600765,3688242.555794,33.3043699784607,126.317276015507
250218.481238,3688242.715158,33.3043713866252,126.317274688981
250218.369669,3688242.871607,33.3043727703703,126.31727344865
250218.261472,3688243.038524,33.3043742492139,126.31727224161
250218.147611,3688243.201358,33.3043756899567,126.317270974923
250218.032244,3688243.363248,33.3043771218448,126.317269692337
250217.929382,3688243.532025,33.3043786186838,126.317268542029
250217.820534,3688243.696198,33.3043800726529,126.317267328762
250217.720894,3688243.869585,33.304381611775,126.317266211753
250217.608495,3688244.025435,33.3043829899306,126.317264962681
250217.503168,3688244.193071,33.3043844759176,126.317263786238
250217.403108,3688244.364766,33.3043859996973,126.317262665189
250217.301312,3688244.528903,33.3043874549768,126.3172615276
250217.199987,3688244.698439,33.3043889590106,126.317260393574
250217.090427,3688244.858819,33.3043903786396,126.317259173714
250216.986813,3688245.025642,33.3043918576986,126.317258015876
250216.879348,3688245.192449,33.3043933357206,126.317256816721
250216.782377,3688245.360703,33.3043948292128,126.317255729767
250216.666957,3688245.51345,33.3043961787099,126.317254449136
250216.570587,3688245.685669,33.3043977080661,126.317253367536
250216.453434,3688245.842928,33.3043990978146,126.317252067064
250216.32603,3688245.996175,33.3044004490385,126.317250657706
250216.199457,3688246.147557,33.3044017836514,126.317249257779
250216.082652,3688246.300157,33.3044031315028,126.317247962327
250215.949033,3688246.43783,33.3044043409639,126.317246490581
250215.815541,3688246.585766,33.3044056429243,126.317245017364
250215.682794,3688246.733818,33.3044069461025,126.317243552109
250215.529675,3688246.856974,33.3044080202446,126.317241875135
250215.394682,3688246.998199,33.3044092613907,126.317240387665
250215.250805,3688247.131464,33.3044104287576,126.317238807066
250215.10112,3688247.261076,33.3044115618644,126.317237165156
250214.953673,3688247.395395,33.3044127379002,126.317235545961
250214.873125,3688247.449821,33.3044132096069,126.317234666651
250214.857818,3688247.463913,33.3044133330277,126.317234498516
