X(E/m),Y(N/m)
250214.805860350548755,3688247.616914125625044
250214.805860350548755,3688247.616914125625044
250214.805860350548755,3688247.616914125625044
250214.805860350548755,3688247.616914125625044
250214.796546896192012,3688247.617153750732541
250214.805860350548755,3688247.616914125625044
250214.805860350548755,3688247.616914125625044
250214.805574980040547,3688247.605822710786015
250214.796546896192012,3688247.617153750732541
250214.796546896192012,3688247.617153750732541
250214.796546896192012,3688247.617153750732541
250214.796546896192012,3688247.617153750732541
250214.787518812314374,3688247.628484790213406
250214.787518812314374,3688247.628484790213406
250214.778490728494944,3688247.639815830159932
250214.787233441806166,3688247.617393376305699
250214.833229972835397,3688247.594012421555817
250214.878655765613075,3688247.548448637593538
250214.924081558681792,3688247.502884853631258
250214.978535434172954,3688247.445990030653775
250215.042588137497660,3688247.399946997407824
250215.087728559650714,3688247.343291800003499
250215.161094718845561,3688247.297009143047035
250215.243203591177007,3688247.228304031770676
250215.316284382075537,3688247.170929959975183
250215.407706713711377,3688247.101985225453973
250215.498843676963588,3688247.021949079353362
250215.589695272152312,3688246.930821519345045
250215.690145693602972,3688246.850545748602599
250215.780711920524482,3688246.748326776083559
250215.871278151724255,3688246.646107804030180
250215.971157840278465,3688246.543649208731949
250216.071322899952065,3688246.452282029669732
250216.170917223847937,3688246.338732023723423
250216.242856551834848,3688246.236992303282022
250216.342450880008982,3688246.123442299664021
250216.433017123170430,3688246.021223333198577
250216.532611455913866,3688245.907673330046237
250216.622892332699848,3688245.794362953864038
250216.703574389539426,3688245.670200786553323
250216.793855273019290,3688245.556890410371125
250216.874537331867032,3688245.432728244923055
250216.964818221982569,3688245.319417870603502
250217.045500285399612,3688245.195255707483739
250217.135781177494209,3688245.081945335492492
250217.225776704348391,3688244.957543550524861
250217.297430687176529,3688244.844712425954640
250217.378112759033684,3688244.720550265628844
250217.449766745528905,3688244.607719143386930
250217.530448823905317,3688244.483556983992457
250217.611130904580932,3688244.359394825994968
250217.691812987293815,3688244.235232668463141
250217.772495069832075,3688244.111070511396974
250217.843863699265057,3688243.987147978972644
250217.924545786023373,3688243.862985823303461
250218.004942510859109,3688243.727732255589217
250218.085909970948705,3688243.614661517553031
250218.175905524898553,3688243.490259742364287
250218.256587622920051,3688243.366097589954734
250218.346297815442085,3688243.230604403186589
250218.417951823066687,3688243.117773289326578
250218.498919293488143,3688243.004702555015683
250218.570573304808931,3688242.891871442552656
250218.651826144719962,3688242.789892123546451
250218.732793620758457,3688242.676821390166879
250218.823074557905784,3688242.563511036336422
250218.894728576531634,3688242.450679927133024
250218.985009520169115,3688242.337369574699551
250219.075575826340355,3688242.235150638036430
250219.156828677456360,3688242.133171323686838
250219.237796165398322,3688242.020100595429540
250219.337675939343171,3688241.917642040643841
250219.464069271431072,3688241.759007556363940
250219.563663685985375,3688241.645457589067519
250219.663258102984400,3688241.531907625030726
250219.772451346827438,3688241.429209454450756
250219.872045768483076,3688241.315659492276609
250219.980953652819153,3688241.201869911514223
250220.090146903821733,3688241.099171745590866
250220.199054793250980,3688240.985382165759802
250220.299219951848499,3688240.894015036989003
250220.453839059191523,3688240.745753120165318
250220.553718859533546,3688240.643294580280781
250220.644570564239984,3688240.552167074289173
250220.754049192473758,3688240.460560329724103
250220.854214361839695,3688240.369193208403885
250220.963692994177109,3688240.277586466632783
250221.072886265930720,3688240.174888311419636
250221.182079539954429,3688240.072190160397440
250221.291843541053822,3688239.991674836724997
250221.382695258886088,3688239.900547338183969
250221.482860439893557,3688239.809180222451687
250221.592339084483683,3688239.717573489062488
250221.701817731081974,3688239.625966756604612
250221.820324479806004,3688239.523028994910419
250221.929803130624350,3688239.431422265712172
250222.039281783625484,3688239.339815536513925
250222.139446976652835,3688239.248448429163545
250222.249210994836176,3688239.167933118529618
250222.349376191530610,3688239.076566011644900
250222.440798647381598,3688239.007621352560818
250222.549991949141258,3688238.904923216905445
250222.641129051975440,3688238.824887145776302
250222.750607718335232,3688238.733280426822603
250222.851629003445851,3688238.675187567248940
250222.942766108579235,3688238.595151499379426
250223.033903215313330,3688238.515115433372557
250223.124754963355372,3688238.423987952526659
250223.206293250143062,3688238.333100089803338
250223.315771927533206,3688238.241493377834558
250223.425250606698683,3688238.149886667262763
250223.516387721669162,3688238.069850606843829
250223.607524835679214,3688237.989814544562250
250223.707975416735280,3688237.909538867883384
250223.789513713476481,3688237.818651011679322
250223.889964297850383,3688237.738375335931778
250223.990414883737685,3688237.658099662978202
250224.071953185368329,3688237.567211810033768
250224.172403774544364,3688237.486936138011515
250224.282167829165701,3688237.406420852523297
250224.373590316594345,3688237.337476213462651
250224.473470193712274,3688237.235017717350274
250224.555579217791092,3688237.166312695480883
250224.674656743009109,3688237.085557799320668
250224.765508520009462,3688236.994430336169899
250224.866244478704175,3688236.925246086902916
250224.976008545199875,3688236.844730808865279
250225.076459149160655,3688236.764455148018897
250225.167596290586516,3688236.684419102966785
250225.286959184013540,3688236.614755627233535
250225.350155935098883,3688236.535438429098576
250225.450891900312854,3688236.466254185885191
250225.551342512015253,3688236.385978531558067
250225.633166196173988,3688236.306182104162872
250225.743215632624924,3688236.236758250743151
250225.806412390084006,3688236.157441055402160
250225.907433721382404,3688236.099348230753094
250225.989257410838036,3688236.019551808945835
250226.071366455813404,3688235.950846801046282
250226.162218256533379,3688235.859719352796674
250226.254211484047119,3688235.812957559246570
250226.41956,3688235.74444
250226.568551,3688235.61891
250226.736938,3688235.516126
250226.893691,3688235.394754
250227.055417,3688235.285046
250227.225157,3688235.181664
250227.38557,3688235.072134
250227.54056,3688234.950819
250227.703884,3688234.842091
250227.866944,3688234.731989
250228.031827,3688234.625819
250228.190095,3688234.507669
250228.351289,3688234.39611
250228.518845,3688234.290408
250228.670248,3688234.166478
250228.830383,3688234.059024
250228.998497,3688233.955948
250229.161271,3688233.847568
250229.321164,3688233.730631
250229.476697,3688233.619607
250229.645548,3688233.513887
250229.805655,3688233.401493
250229.964849,3688233.290142
250230.124817,3688233.178495
250230.282973,3688233.064809
250230.441362,3688232.948039
250230.60687,3688232.850708
250230.782515,3688232.755778
250230.95876,3688232.676306
250231.125144,3688232.580496
250231.298173,3688232.488954
250231.485101,3688232.419691
250231.658793,3688232.325333
250231.831997,3688232.240294
250232.003967,3688232.146508
250232.190939,3688232.082806
250232.374764,3688232.014935
250232.560031,3688231.955097
250232.746374,3688231.895801
250232.938876,3688231.856397
250233.127937,3688231.800725
250233.322941,3688231.765367
250233.513526,3688231.709906
250233.707146,3688231.681175
250233.898541,3688231.629664
250234.085185,3688231.584119
250234.281423,3688231.555413
250234.470905,3688231.497691
250234.657302,3688231.453208
250234.847664,3688231.409415
250235.042382,3688231.372001
250235.228948,3688231.316342
250235.416719,3688231.260641
250235.604574,3688231.194593
250235.793985,3688231.134525
250235.981032,3688231.067264
250236.169973,3688231.004595
250236.355078,3688230.935757
250236.534425,3688230.856742
250236.706638,3688230.768961
250236.887695,3688230.692213
250237.063115,3688230.600153
250237.241599,3688230.514022
250237.414074,3688230.41661
250237.576269,3688230.315876
250237.750481,3688230.22163
250237.910004,3688230.105878
250238.07491,3688229.995257
250238.241841,3688229.902774
250238.385781,3688229.768979
250238.542874,3688229.651147
250238.698505,3688229.540589
250238.84763,3688229.408704
250238.998643,3688229.278254
250239.148673,3688229.146898
250239.287839,3688229.003549
250239.429726,3688228.866291
250239.56368,3688228.722328
250239.708927,3688228.585762
250239.837421,3688228.439792
250239.971608,3688228.301466
250240.105135,3688228.155265
250240.237852,3688228.01355
250240.361824,3688227.857955
250240.467571,3688227.694449
250240.585962,3688227.538479
250240.705755,3688227.380619
250240.809633,3688227.216673
250240.905284,3688227.046281
250241.002729,3688226.872965
250241.109267,3688226.70731
250241.204554,3688226.534291
250241.346305362239946,3688226.534583195112646
250241.437442727154121,3688226.454547316767275
250241.509667811536929,3688226.363899223972112
250241.600519844039809,3688226.272771936841309
250241.736512557137758,3688226.124989591538906
250241.817765782907372,3688226.023010491859168
250241.889420199237065,3688225.910179576836526
250241.952046478516422,3688225.808679673355073
250242.005073950480437,3688225.696327956859022
250242.076443034515250,3688225.572405630722642
250242.129470507032238,3688225.460053913760930
250242.180500623740954,3688225.270062308292836
250242.214330476679606,3688225.136006962973624
250242.258044481481193,3688225.023894845042378
250242.282846198941115,3688224.901170511264354
250242.298049105505925,3688224.767594362143427
250242.332449636218371,3688224.655721843708307
250242.328740257391473,3688224.511533475946635
250242.361428768985206,3688224.333112480584532
250242.358004727808293,3688224.200015528127551
250242.372922303242376,3688224.055347965564579
250242.379097074852325,3688223.933102827053517
250242.347732604888733,3688223.800724667031318
250242.354478052526247,3688223.700662353541702
250242.323398918670136,3688223.579375606030226
250242.301633262424730,3688223.457849260885268
250242.308378707850352,3688223.357786948326975
250242.268271435634233,3688223.247831211891025
250242.256104591680923,3688223.137156681623310
250242.215997315826826,3688223.027200944256037
250242.176175378466723,3688222.928336619399488
250242.154695056698984,3688222.817901688627899
250242.105559641349828,3688222.719276962336153
250242.102706272329669,3688222.608362833969295
250242.034373225411400,3688222.488034478388727
250242.004150098626269,3688222.400021970272064
250241.954729340592166,3688222.290305831469595
250241.914622061187401,3688222.180350096430629
250241.855887823883677,3688222.070873557124287
250241.815780542674474,3688221.960917821153998
250241.766645120369503,3688221.862293096724898
250241.717224357591476,3688221.752576959319413
250241.687001226178836,3688221.664564452134073
250241.601182562299073,3688221.589080946519971
250241.561360614141449,3688221.490216623526067
250241.521538665314438,3688221.391352302860469
250241.472973910305882,3688221.314910404849797
250241.405782200483372,3688221.238947704434395
250241.346191939868731,3688221.096196928992867
250241.296485831495374,3688220.975389379542321
250241.247635737498058,3688220.887856069952250
250241.198214967298554,3688220.778139936272055
250241.158393012476154,3688220.679275616072118
250241.108972238027491,3688220.569559480994940
250241.069435619574506,3688220.481786573305726
250241.029328322503716,3688220.371830840129405
250240.999105181777850,3688220.283818334806710
250240.958997885492863,3688220.173862601164728
250240.928204067866318,3688220.063667270820588
250240.906723726744531,3688219.953232339583337
250240.885243387543596,3688219.842797408346087
250240.863763048051624,3688219.732362478505820
250240.831257200072287,3688219.555618672631681
250240.819090339675313,3688219.444944141898304
250240.806638138805283,3688219.323178200982511
250240.794471280416474,3688219.212503671646118
250240.782019081467297,3688219.090737729333341
250240.769566880102502,3688218.968971787486225
250240.757114681007806,3688218.847205847036093
250240.753975962317782,3688218.725200305692852
250240.760150724614505,3688218.602955167647451
250240.766325489443261,3688218.480710026808083
250240.772500252234749,3688218.358464886900038
250240.787988496536855,3688218.235980149358511
250240.813075560552534,3688218.124347224831581
250240.828563806018792,3688218.001862487290055
250240.862679017358460,3688217.878898550756276
250240.906107708928175,3688217.755695017054677
250240.949821739544859,3688217.643582896795124
250241.002563917776570,3688217.520139763597399
250241.055591432581423,3688217.407788045238703
250241.108618951169774,3688217.295436325483024
250241.171245288307546,3688217.193936422467232
250241.243185111379717,3688217.092196920886636
250241.315410273324233,3688217.001548831816763
250241.396663581836037,3688216.899569733999670
250241.478202226775466,3688216.808682047296315
250241.569054358144058,3688216.717554764822125
250241.659906491171569,3688216.626427483279258
250241.760072108765598,3688216.535060605965555
250241.869551211042562,3688216.443454130552709
250241.988629134546500,3688216.362699471414089
250242.162446614995133,3688216.236141579225659
250242.290838026383426,3688216.155147327110171
250242.400887809548294,3688216.085723685100675
250242.520251077454304,3688216.016060444992036
250242.658241313416511,3688215.945918015204370
250242.777604584669461,3688215.876254780218005
250242.906281343341107,3688215.806351948995143
250243.035243434074800,3688215.747540533542633
250243.155177382606780,3688215.700060128234327
250243.283854143606732,3688215.630157302133739
250243.413101575744804,3688215.582437304779887
250243.532750191021478,3688215.523865491151810
250243.661712293484015,3688215.465054084081203
250243.791245063650422,3688215.428425503894687
250243.930091318237828,3688215.391557330265641
250244.142874778073747,3688215.330589570105076
250244.300348002521787,3688215.293242208659649
250244.448793077754090,3688215.267225860152394
250244.597238155925879,3688215.241209512576461
250244.736655081709614,3688215.226524176541716
250244.866473190952092,3688215.200987023767084
250245.006175450311275,3688215.197393102105707
250245.201473281951621,3688215.181270205881447
250245.331862059858395,3688215.177915884181857
250245.462536167673534,3688215.185652976389974
250245.592924942815444,3688215.182298657950014
250245.732912533887429,3688215.189796161372215
250245.872614792548120,3688215.186202253680676
250246.012887716962723,3688215.204791171476245
250246.152875306783244,3688215.212288680952042
250246.302461711224169,3688215.230638009496033
250246.451762786251493,3688215.237895928788930
250246.591750374675030,3688215.245393444783986
250246.731737962720217,3688215.252890960313380
250246.881324364716420,3688215.271240299567580
250247.030340107332449,3688215.267406816128641
250247.179926508135395,3688215.285756158642471
250247.310600613302086,3688215.293493275996298
250247.459616352716694,3688215.289659798145294
250247.599889268341940,3688215.308248739223927
250247.748905007232679,3688215.304415266495198
250247.897635418921709,3688215.289490382187068
250248.037908333149971,3688215.308079331181943
250248.196237555152038,3688215.304006272461265
250248.429359978879802,3688215.309107897337526
250248.578946374647785,3688215.327457261737436
250248.719219286140287,3688215.346046220976859
250248.904632974386914,3688215.307980161625892
250249.036163058190141,3688215.348991540726274
250249.193636296782643,3688215.311644260771573
250249.362134984723525,3688215.340605868957937
250249.520749535120558,3688215.347624245099723
250249.679364082519896,3688215.354642623104155
250249.819922317663440,3688215.384323009755462
250249.987279692781158,3688215.368918977677822
250250.137151412025560,3688215.398359777871519
250250.304508789500687,3688215.382955751847476
250250.462838008097606,3688215.378882730845362
250250.621452555438736,3688215.385901124216616
250250.789665909513133,3688215.403771344572306
250250.939252296346240,3688215.422120744828135
250251.106894999247743,3688215.417808144353330
250251.255910733278142,3688215.413974725641310
250251.404926469607744,3688215.410141308326274
250251.562970361264888,3688215.394976892042905
250251.722155554132769,3688215.424178128130734
250251.889512931287754,3688215.408774129580706
250252.057726280734641,3688215.426644370891154
250252.234967790311202,3688215.433183614630252
250252.393867654958740,3688215.451293450314552
250252.561510355968494,3688215.446980875451118
250252.720410221896600,3688215.465090716723353
250252.888623567676404,3688215.482960971072316
250253.064438453555340,3688215.434043168555945
250253.233222448034212,3688215.474096255376935
250253.400009175500600,3688215.436509458813816
250253.549310232658172,3688215.443767486605793
250253.716382286627777,3688215.417272107675672
250253.873284887726186,3688215.357742080464959
250254.012416491925251,3688215.331965464632958
250254.188802031654632,3688215.305230508558452
250254.336676475766581,3688215.257031485904008
250254.511920729331905,3688215.185930887237191
250254.640597566176439,3688215.116028218064457
250254.779443853301927,3688215.079160200897604
250254.935490502888570,3688214.986355956178159
250255.073195507342461,3688214.905122294556350
250255.191702904441627,3688214.802184982690960
250255.320665071893018,3688214.743373734876513
250255.448485957313096,3688214.640196840744466
250255.566708043246763,3688214.526168119162321
250255.666588479856728,3688214.423709982540458
250255.775211764295818,3688214.298829437233508
250255.903603303362615,3688214.217835373245180
250255.965944489755202,3688214.105244162958115
250256.046627328614704,3688213.981082373298705
250256.118282005278161,3688213.868251581676304
250256.179767236928456,3688213.722386136185378
250256.241823112679413,3688213.598703515715897
250256.293994863546686,3688213.453077656216919
250256.346451938210521,3688213.318543208763003
250256.379996722243959,3688213.173396516591311
250256.394629217596957,3688213.017637581098825
250256.437772811215837,3688212.883342718239874
250256.450693391117966,3688212.661035308614373
250256.457153681461932,3688212.549881604034454
250256.453159208380384,3688212.394601835403591
250256.440136568911839,3688212.250653062015772
250256.417800443305168,3688212.106943871360272
250256.367809175659204,3688211.975044844206423
250256.288165532227140,3688211.777316094376147
250256.189894910377916,3688211.580066513735801
250256.131160790508147,3688211.470589894335717
250256.034316762292292,3688211.328797374852002
250255.956955667643342,3688211.219799926038831
250255.860682274826104,3688211.100190232507885
250255.688759698532522,3688210.938131562899798
250255.535749414324528,3688210.786685141734779
250255.457817666872870,3688210.655504870228469
250255.343487928505056,3688210.558557175565511
250255.220130020781653,3688210.472940476145595
250255.105800277931849,3688210.375992782879621
250254.991470532666426,3688210.279045089613646
250254.801776914915536,3688210.150739841628820
250254.612653937278083,3688210.044617421459407
250254.471525004308205,3688209.992754138540477
250254.330110745737329,3688209.929799444507807
250254.170925476384582,3688209.900598161853850
250254.038824704999570,3688209.837403887417167
250253.888667599123437,3688209.796871609985828
250253.719883512443630,3688209.756818508263677
250253.532472447113832,3688209.717244579456747
250253.373287170776166,3688209.688043308444321
250253.232728870556457,3688209.658362868241966
250253.082857078290544,3688209.628922015428543
250252.942584099364467,3688209.610332990530878
250252.783684142166749,3688209.592223141342402
250252.633812346874038,3688209.562782295048237
250252.483940553065622,3688209.533341452013701
250252.334639403532492,3688209.526083436328918
250252.194081096560694,3688209.496403008699417
250252.053808112978004,3688209.477813995443285
250251.922848617454292,3688209.458985398057848
250251.791889118932886,3688209.440156801138073
250251.576537571992958,3688209.401301674544811
250251.370214182185009,3688209.351115550845861
250251.229941193771083,3688209.332526551093906
250251.089382879494224,3688209.302846139296889
250250.949109889566898,3688209.284257143735886
250250.817865062446799,3688209.254337147809565
250250.686905560170999,3688209.235508565790951
250250.555375402938807,3688209.194497160613537
250250.424130573082948,3688209.164577171672136
250250.292885742266662,3688209.134657181333750
250250.161640910402639,3688209.104737195651978
250250.039138914027717,3688209.052394795697182
250249.916922242729925,3688209.011143809650093
250249.794420241290936,3688208.958801414351910
250249.671632916230010,3688208.895367607008666
250249.567187237087637,3688208.820363209117204
250249.453713395836530,3688208.756689813919365
250249.349267718236661,3688208.681685418821871
250249.254135523951845,3688208.606441434007138
250249.159003332955763,3688208.531197451055050
250249.073184628156014,3688208.455713876523077
250248.987365921959281,3688208.380230304319412
250248.910575376969064,3688208.293415728490800
250248.824186014913721,3688208.195749333128333
250248.756708957458613,3688208.108695168513805
250248.688946573238354,3688208.010549591854215
250248.630497675912920,3688207.912164425011724
250248.572048779955367,3688207.813779258634895
250248.523198699462228,3688207.726245914585888
250248.473492635879666,3688207.605438333004713
250248.433385390439071,3688207.495482573751360
250248.402306304837111,3688207.374195810407400
250248.362199057999533,3688207.264240051619709
250248.349746956053423,3688207.142474106047302
250248.328266690747114,3688207.032039164565504
250248.306215768534457,3688206.899421399459243
250248.312390646868153,3688206.777176272124052
250248.299653218564345,3688206.644318914972246
250248.305828097363701,3688206.522073789034039
250248.321031145082088,3688206.388497659005225
250248.336519519158173,3688206.266012940555811
250248.361036058107857,3688206.132197220344096
250248.376239105506102,3688205.998621090780944
250248.400755645910976,3688205.864805370103568
250248.425842845754232,3688205.753172475378960
250248.478299866314046,3688205.618637982755899
250248.548242565273540,3688205.439258660655469
250248.591956754418788,3688205.327146584168077
250248.653727273311233,3688205.192372501362115
250248.706754958460806,3688205.080020835623145
250248.768810808396665,3688204.956338169053197
250248.840465483313892,3688204.843507321551442
250248.921433653740678,3688204.730436885263771
250249.002401823730906,3688204.617366450373083
250249.083369998086710,3688204.504296017345041
250249.182965162122855,3688204.390746403951198
250249.283130982512375,3688204.299379615578800
250249.373697983915918,3688204.197161008138210
250249.473578478966374,3688204.094702809583396
250249.583343125908868,3688204.014187848195434
250249.683794282696908,3688203.933912477456033
250249.793558933160966,3688203.853397518396378
250249.903608911554329,3688203.783973974175751
250250.013658891461091,3688203.714550429023802
250250.133307693264214,3688203.655978709459305
250250.252956496609841,3688203.597406991757452
250250.372605301061412,3688203.538835274521261
250250.501852927147411,3688203.491115382872522
250250.631100554397563,3688203.443395493086427
250250.778975174704101,3688203.395196429453790
250250.908508129301481,3688203.358567956369370
250251.047639904340031,3688203.332791308406740
250251.186486355349189,3688203.295923250261694
250251.325618131639203,3688203.270146606490016
250251.455721740378067,3688203.255700964480639
250251.576226527860854,3688203.230403500143439
250251.780838096368825,3688203.214041160885245
250251.920255198696395,3688203.199355940334499
250252.050358806096483,3688203.184910307172686
250252.180747739708750,3688203.181556086521596
250252.320450165745569,3688203.177962281275541
250252.450839096767595,3688203.174608065746725
250252.590826845786069,3688203.182105675805360
250252.721215776604367,3688203.178751463536173
250252.860632879543118,3688203.164066254626960
250252.991021812747931,3688203.160712046083063
250253.112382571038324,3688203.168688837438822
250253.251799674239010,3688203.154003634583205
250253.382188607240096,3688203.150649430230260
250253.512577537825564,3688203.147295229136944
250253.652565285068704,3688203.154792854562402
250253.857176854944555,3688203.138430560939014
250253.997164601663826,3688203.145928192418069
250254.127838853048161,3688203.153665408957750
250254.267255956772715,3688203.138980221468955
250254.407243704830762,3688203.146477857604623
250254.612425916391658,3688203.152298404369503
250254.752413661306491,3688203.159796045627445
250254.892686726234388,3688203.178385102655739
250255.023360975523246,3688203.186122333630919
250255.163348721456714,3688203.193619981408119
250255.294308287469903,3688203.212448626756668
250255.434296032588463,3688203.219946279190481
250255.564970280247508,3688203.227683517150581
250255.705243344069459,3688203.246272584423423
250255.845231085433625,3688203.253770242445171
250255.985218826390337,3688203.261267902329564
250256.125206567056011,3688203.268765563610941
250256.265194309642538,3688203.276263227686286
250256.405182049522409,3688203.283760895021260
250256.554197965131607,3688203.279927567113191
250256.684586891409708,3688203.276573408395052
250256.833602806669660,3688203.272740086074919
250256.963706417242065,3688203.258294517640024
250257.102838202408748,3688203.232517956290394
250257.241969990456710,3688203.206741399131715
250257.381101776671130,3688203.180964842904359
250257.510349434189266,3688203.133245047181845
250257.639882409916027,3688203.096616665832698
250257.769130069529638,3688203.048896873369813
250257.898092413262930,3688202.990085670724511
250258.017741266055964,3688202.931514050811529
250258.127791306324070,3688202.862090604379773
250258.256183021527249,3688202.781096582300961
250258.356919567595469,3688202.711912718135864
250258.466969612549292,3688202.642489274032414
250258.557822036586003,3688202.551362169440836
250258.657987957587466,3688202.459995485376567
250258.739241573843174,3688202.358016551006585
250258.829808687296463,3688202.255798038095236
250258.901748809352284,3688202.154058685991913
250258.973688935337123,3688202.052319335751235
250259.045343747304287,3688201.939488573931158
250259.107685065391706,3688201.826897392049432
250259.169741067133145,3688201.703214800450951
250259.222483574558282,3688201.579771789256483
250259.256599093554541,3688201.456807937938720
250259.299742792354664,3688201.322513095568866
250259.333858313533710,3688201.199549244716763
250259.358375021896791,3688201.065733562689275
250259.373578234371962,3688200.932157461531460
250259.370154453878058,3688200.799060519784689
250259.366730673587881,3688200.665963577106595
250259.353708081209334,3688200.522014803253114
250259.331657306582201,3688200.389397021383047
250259.300007716898108,3688200.245927408803254
250259.268358128756518,3688200.102457795292139
250259.227680357493227,3688199.970319172833115
250259.177689085161546,3688199.838420132175088
250259.127697814081330,3688199.706521092448384
250259.077991856931476,3688199.585713462438434
250259.018972398451297,3688199.465145413763821
250258.950639442628017,3688199.344816945493221
250258.891334665881004,3688199.213157485704869
250258.804660023190081,3688199.104399591684341
250258.736612378183054,3688198.995162536390126
250258.659251230768859,3688198.886165062431246
250258.572576582839247,3688198.777407170739025
250258.496071381843649,3688198.701683935243636
250258.409682046563830,3688198.604017454199493
250258.313979210390244,3688198.506590557284653
250258.218276372557739,3688198.409163659904152
250258.123144167504506,3688198.333919587545097
250258.018698456784477,3688198.258915096521378
250257.913967433007201,3688198.172819195315242
250257.809521721355850,3688198.097814708016813
250257.705361324769910,3688198.033901632297784
250257.591602108092047,3688197.959136726334691
250257.459501211735187,3688197.895942397881299
250257.345741993805859,3688197.821177497506142
250257.222954588825814,3688197.757743590511382
250257.091139002237469,3688197.705640677362680
250256.968351596384309,3688197.642206773627549
250256.855448324087774,3688197.600716113112867
250256.732946232979884,3688197.548373622819781
250256.601415958371945,3688197.507362130098045
250256.469885682337917,3688197.466350638307631
250256.338355405052425,3688197.425339147448540
250256.207395760866348,3688197.406510483473539
250256.066837299615145,3688197.376829992048442
250255.926278837316204,3688197.347149502020329
250255.795033874455839,3688197.317229430191219
250255.655046045634663,3688197.309731768909842
250255.514772899769014,3688197.291142697911710
250255.374499753233977,3688197.272553626913577
250255.243825425772229,3688197.264816387090832
250255.113151095603826,3688197.257079149130732
250254.982762087078299,3688197.260433324612677
250254.861115939362207,3688197.241365093737841
250254.730726930516539,3688197.244719272945076
250254.600337921554456,3688197.248073453083634
250254.469948910205858,3688197.251427636016160
250254.339274580677738,3688197.243690408300608
250254.199572070938302,3688197.247284179087728
250254.087810062628705,3688197.250159197486937
250253.948392873571720,3688197.264844383113086
250253.827602685865713,3688197.279050401877612
250253.697213676670799,3688197.282404595054686
250253.575852844136534,3688197.274427791126072
250253.445749156177044,3688197.288873400073498
250253.324958968849387,3688197.303079423960298
250253.194569959625369,3688197.306433624122292
250253.082807951228460,3688197.309308653231710
250252.896823258517543,3688197.325191784184426
250252.785346572432900,3688197.339158228598535
250252.663985741324723,3688197.331181437708437
250252.534167376928963,3688197.356718470342457
250252.404063690337352,3688197.371164093259722
250252.282988181745168,3688197.374278718605638
250252.153169816010632,3688197.399815756361932
250251.957871627091663,3688197.415938491933048
250251.837366765277693,3688197.441235947888345
250251.707263077754760,3688197.455681579187512
250251.587043542851461,3688197.492070449516177
250251.456939856114332,3688197.506516083609313
250251.335579024540493,3688197.498539310414344
250251.206045988394180,3688197.535167773254216
250251.011318448203383,3688197.573473352473229
250250.871615940239280,3688197.577067171689123
250250.722885256545851,3688197.591991992667317
250250.583468071068637,3688197.606677227187902
250250.463248538697371,3688197.643066111486405
250250.334000831964659,3688197.690785999875516
250250.213210651010741,3688197.704992061946541
250250.028081942116842,3688197.754149485379457
250249.898263587238034,3688197.779686555266380
250249.749247581319651,3688197.783519978635013
250249.610971704678377,3688197.842570877168328
250249.500065678206738,3688197.878720184788108
250249.360933823394589,3688197.904496850445867
250249.240714298124658,3688197.940885749645531
250249.120780100114644,3688197.988366065546870
250249.009588749933755,3688198.013423964846879
250248.880055726942373,3688198.050052460748702
250248.778463204886066,3688198.085962187033147
250248.639331356505863,3688198.111738864332438
250248.528710662998492,3688198.158979594241828
250248.418375297624152,3688198.217311739921570
250248.297585124062607,3688198.231517828535289
250248.195992605498759,3688198.267427559942007
250248.076058413338615,3688198.314907886553556
250247.955838896741625,3688198.351296804845333
250247.835619381046854,3688198.387685722671449
250247.743911021330860,3688198.445538694504648
250247.604493851424195,3688198.460223972331733
250247.484559666394489,3688198.507704307790846
250247.392565981223015,3688198.554465870838612
250247.263032969960477,3688198.591094388626516
250247.162296444526874,3688198.660278368275613
250247.051105105434544,3688198.685336292255670
250246.931170925381593,3688198.732816635631025
250246.811236746405484,3688198.780296979937702
250246.681989066681126,3688198.828016917221248
250246.580681890947744,3688198.875018079765141
250246.470346544054337,3688198.933350247330964
250246.360011198441498,3688198.991682417225093
250246.248819864471443,3688199.016740352846682
250246.147512690135045,3688199.063741519115865
250246.037177347694524,3688199.122073691803962
250245.935870175395394,3688199.169074863661081
250245.843876503058709,3688199.215836440213025
250245.723942334385356,3688199.263316798023880
250245.622064503753791,3688199.288135147187859
250245.520757334888913,3688199.335136320441961
250245.419450166897150,3688199.382137497421354
250245.318713661807124,3688199.451321496628225
250245.207807665952714,3688199.487470857333392
250245.106500501016853,3688199.534472036175430
250245.024105665594107,3688199.592085441108793
250244.903600842109881,3688199.617382984142751
250244.811892512283521,3688199.675235984846950
250244.710585350840120,3688199.722237168811262
250244.599679359904258,3688199.758386534173042
250244.517284529370954,3688199.815999944228679
250244.416548034641892,3688199.885183956008404
250244.333867874054704,3688199.931705954484642
250244.242444880219409,3688200.000650373753160
250244.132109558529919,3688200.058982570655644
250244.021774238266516,3688200.117314767092466
250243.920752417412587,3688200.175407372415066
250243.810417099419283,3688200.233739573042840
250243.700081782706548,3688200.292071775067598
250243.590031800325960,3688200.361495391465724
250243.489580650639255,3688200.441770824138075
250243.379816004569875,3688200.522285854909569
250243.269766026991419,3688200.591709475032985
250243.160001384414500,3688200.672224508132786
250243.059264910029015,3688200.741408535279334
250242.958813766221283,3688200.821683974936604
250242.858077294804389,3688200.890868003480136
250242.766939651541179,3688200.970903849694878
250242.666203183092875,3688201.040087880566716
250242.574780211027246,3688201.109032316599041
250242.474329077260336,3688201.189307762309909
250242.373592610558262,3688201.258491796907037
250242.282740311784437,3688201.349619061220437
250242.191032010450726,3688201.407472088932991
250242.099894382408820,3688201.487507942132652
250242.008471418434056,3688201.556452383752912
250241.898992131958948,3688201.648058844264597
250241.807569170894567,3688201.717003290075809
250241.715860875905491,3688201.774856321047992
250241.615124420379288,3688201.844040364492685
250241.523701463098405,3688201.912984810769558
250241.422965010453481,3688201.982168856076896
250241.341426223865710,3688202.073056532070041
250241.259316769544967,3688202.141761384438723
250241.121897004952189,3688202.234086648095399
250241.048815713671502,3688202.291460492648184
250240.957107428286690,3688202.349313532467932
250240.874712640274083,3688202.406926975119859
250240.811230184568558,3688202.475152635946870
250240.728550061903661,3688202.521674668416381
250240.664496932353359,3688202.567717506084591
250240.619641471363138,3688202.635463970713317
250240.573929998616222,3688202.669936200138181
250240.491249878599774,3688202.716458232142031
250240.427767427492654,3688202.784683896694332
250240.345087309367955,3688202.831205931957811
250240.262692531308858,3688202.888819382525980
250240.199210080580087,3688202.957045046612620
250240.126128797826823,3688203.014418898150325
250240.052762178587727,3688203.060701338574290
250239.988709058030508,3688203.106744179502130
250239.924941275647143,3688203.163878434803337
250239.851859995978884,3688203.221252288669348
250239.760437063901918,3688203.290196753107011
250239.660271313099656,3688203.381563643924892
250239.569133721670369,3688203.461599523667246
250239.468682636448648,3688203.541875003837049
250239.368802229175344,3688203.644333310425282
250239.277664645022014,3688203.724369193427265
250239.186527059908258,3688203.804405076429248
250239.095674812473590,3688203.895532372873276
250238.986195579433115,3688203.987138870637864
250238.904656835191417,3688204.078026569448411
250238.804491100629093,3688204.169393470976502
250238.704040028911550,3688204.249668960459530
250238.613187792652752,3688204.340796262491494
250238.522620897216257,3688204.443014977499843
250238.412856336362893,3688204.523530069738626
250238.312690613442101,3688204.614896976854652
250238.212524889968336,3688204.706263882573694
250238.121672662702622,3688204.797391189727932
250238.021506942983251,3688204.888758100569248
250237.904140936996555,3688205.036061276681721
250237.803689881780883,3688205.116336774080992
250237.722721836267738,3688205.229407311417162
250237.650496605929220,3688205.320055421907455
250237.550045555806719,3688205.400330922566354
250237.478391011769418,3688205.513161861803383
250237.397708314325428,3688205.637323813978583
250237.306856103590690,3688205.728451129514724
250237.234916224348126,3688205.830190656706691
250237.153948191960808,3688205.943261198233813
250237.072694820584729,3688206.045240328181535
250237.001040285016643,3688206.158071269746870
250236.948012736771489,3688206.270423007663339
250236.876358206936857,3688206.383253950159997
250236.786076691234484,3688206.496564098633826
250236.724020999041386,3688206.620246853679419
250236.680877632519696,3688206.754541817121208
250236.609508451481815,3688206.878464175853878
250236.538139269861858,3688207.002386534586549
250236.504309402545914,3688207.136441896669567
250236.451281866495265,3688207.248793637380004
250236.389226181810955,3688207.372476396150887
250236.336769335030112,3688207.507010966073722
250236.312252962146886,3688207.640826727263629
250236.250482626783196,3688207.775600898079574
250236.226251600717660,3688207.920508072245866
250236.192421742161969,3688208.054563437122852
250236.149278391269036,3688208.188858403824270
250236.115448535128962,3688208.322913768701255
250236.100245661684312,3688208.456489928066730
250236.038475333189126,3688208.591264102142304
250236.014529656182276,3688208.747262688819319
250235.990298637509113,3688208.892169865313917
250235.937556461489294,3688209.015613023657352
250235.941265915462282,3688209.159801390953362
250235.926348389592022,3688209.304468963760883
250235.883205049874960,3688209.438763932790607
250235.879027729126392,3688209.638648967258632
250235.845483226672513,3688209.783795746974647
250235.830565704178298,3688209.928463320713490
250235.833704475226114,3688210.050468862522393
250235.837413932051277,3688210.194657229352742
250235.813182921963744,3688210.339564404916018
250235.807578888314310,3688210.483992376830429
250235.820887180045247,3688210.639032552484423
250235.796370826748898,3688210.772848316468298
250235.800365627976134,3688210.928128097672015
250235.794761598110199,3688211.072556067723781
250235.789157568768132,3688211.216984038706869
250235.792867027659668,3688211.361172406468540
250235.797147172736004,3688211.527543598785996
250235.800856631947681,3688211.671731966082007
250235.804280748212477,3688211.804828919935971
250235.808275550836697,3688211.960108700208366
250235.821583840704989,3688212.115148877725005
250235.852948418760207,3688212.247527021914721
250235.875284852139885,3688212.391236182767898
250235.860652680567000,3688212.546995170880109
250235.892017259699060,3688212.679373315535486
250235.905040205601836,3688212.823322079610080
250235.936404781212332,3688212.955700225662440
250235.958170526952017,3688213.077226559631526
250235.970908128976589,3688213.210083911195397
250235.993244562327163,3688213.353793073445559
250236.005982163973385,3688213.486650424078107
250236.019005105976248,3688213.630599189084023
250236.041341538337292,3688213.774308349937201
250236.065675368445227,3688213.995657402556390
250236.097325282869861,3688214.139126960653812
250236.110348226095084,3688214.283075724262744
250236.123371169232996,3688214.427024488802999
250236.136108771635918,3688214.559881840832531
250236.158445196982939,3688214.703591002151370
250236.171182798949303,3688214.836448354180902
250236.195516626088647,3688215.057797405868769
250236.199226083961548,3688215.201985774096102
250236.212249026139034,3688215.345934539102018
250236.225271967996377,3688215.489883302245289
250236.228981425898382,3688215.634071670472622
250236.251603194396012,3688215.788872246164829
250236.255312652210705,3688215.933060613460839
250236.270332994201453,3688216.154649268835783
250236.274042452336289,3688216.298837636597455
250236.287065393698867,3688216.442786401603371
250236.291060194867896,3688216.598066182807088
250236.294769653206458,3688216.742254550568759
250236.298479111690540,3688216.886442919727415
250236.302188570349244,3688217.030631287954748
250236.307610086980276,3688217.241368132643402
250236.311319545988226,3688217.385556500870734
250236.315029004908865,3688217.529744869563729
250236.300111500400817,3688217.674412444699556
250236.303535616956651,3688217.807509399019182
250236.297931594948750,3688217.951937370467931
250236.283014091954101,3688218.096604945138097
250236.278836786601460,3688218.296489981468767
250236.273232766106958,3688218.440917952451855
250236.258029919408727,3688218.574494114611298
250236.243397764512338,3688218.730253101792186
250236.228480262390804,3688218.874920677859336
250236.213562763296068,3688219.019588252063841
250236.208244088775245,3688219.175107637420297
250236.202925414545462,3688219.330627020914108
250236.197606740839547,3688219.486146405339241
250236.182689244305948,3688219.630813982337713
250236.168057091708761,3688219.786572971381247
250236.153424937452655,3688219.942331958096474
250236.139078129839618,3688220.109182361047715
250236.124445979570737,3688220.264941350556910
250236.110384517000057,3688220.442883163224906
250236.077410753583536,3688220.610212772153318
250236.053750468214275,3688220.777302778325975
250236.011748572404031,3688220.955963404383510
250235.960147853766102,3688221.123772220220417
250235.908547139697475,3688221.291581037454307
250235.838319468544796,3688221.459869062993675
250235.777119934238726,3688221.616826071403921
250235.697008104383713,3688221.763170876074582
250235.626209752692375,3688221.909276077058166
250235.527470970089780,3688222.056100091896951
250235.447073801391525,3688222.191353484522551
250235.347764335398097,3688222.315994676202536
250235.257768351904815,3688222.440396262798458
250235.148860068991780,3688222.554185645654798
250235.039951788756298,3688222.667975031770766
250234.930758165894076,3688222.770673006772995
250234.831163365219254,3688222.884222788270563
250234.703342795692151,3688222.987399976700544
250234.575236878532451,3688223.079485750757158
250234.447130966116674,3688223.171571527142078
250234.309996925294399,3688223.274988326244056
250234.172292192903114,3688223.356222297996283
250234.034872811258538,3688223.448547685518861
250233.823230964917457,3688223.553881336469203
250233.666613943234552,3688223.624503116589040
250233.528623876307392,3688223.694645687006414
250233.381034985592123,3688223.753936449531466
250233.223847275570733,3688223.802375411614776
250233.085286519315559,3688223.850335161201656
250232.928098809556104,3688223.898774127010256
250232.706287464097841,3688223.971073170192540
250232.558413236227352,3688224.019272535108030
250232.419852485531010,3688224.067232294939458
250232.281006385543151,3688224.104100643191487
250232.132846812834032,3688224.141208602115512
250231.929662429232849,3688224.213028448168188
250231.781788207910722,3688224.261227826587856
250231.633628636656795,3688224.298335792496800
250231.495067893556552,3688224.346295565832406
250231.347193676017923,3688224.394494950771332
250231.199319457373349,3688224.442694337107241
250231.051159892638680,3688224.479802311863750
250230.893972203106387,3688224.528241312131286
250230.746097988245310,3688224.576440705917776
250230.524286670755828,3688224.648739801254123
250230.366813635540893,3688224.686087395530194
250230.218654076685198,3688224.723195385187864
250230.071065218187869,3688224.782486202195287
250229.923191012669122,3688224.830685609020293
250229.784630283800652,3688224.878645408432931
250229.646069553971756,3688224.926605209708214
250229.442885201133322,3688224.998425110243261
250229.313923303532647,3688225.057236719876528
250229.184676055534510,3688225.104956916999072
250229.055428808700526,3688225.152677116915584
250228.936065740097547,3688225.222340534906834
250228.816417325579096,3688225.280912539921701
250228.687740784953348,3688225.350815570913255
250228.568377723626327,3688225.420478993095458
250228.458613491442520,3688225.500994219910353
250228.339535786391934,3688225.581749058328569
250228.220743436220801,3688225.673595311120152
250228.110979209712241,3688225.754110542591661
250227.992472217069007,3688225.857048213481903
250227.892592175892787,3688225.959506660699844
250227.738258058874635,3688226.118859848473221
250227.629349902679678,3688226.232649323996156
250227.520156395185040,3688226.335347389336675
250227.411248244025046,3688226.449136868119240
250227.302054741274333,3688226.551834936719388
250227.192861240822822,3688226.654533003922552
250227.083667742757825,3688226.757231073919684
250226.984073075174820,3688226.870780947152525
250226.883622343477327,3688226.951056578662246
250226.774428852018900,3688227.053754653315991
250226.674548838607734,3688227.156213116366416
250226.574668824992841,3688227.258671579882503
250226.474788813502528,3688227.361130045261234
250226.374623448704369,3688227.452497098129243
250226.275028796866536,3688227.566046976950020
250226.120694730256218,3688227.725400194525719
250226.011786611546995,3688227.839189691934735
250225.921505442995112,3688227.952499962411821
250225.812882685306249,3688228.077380876056850
250225.713573402754264,3688228.202022177167237
250225.623292239033617,3688228.315332450903952
250225.478842382872244,3688228.496628892142326
250225.343420645338483,3688228.666594306007028
250225.262452964670956,3688228.779664971400052
250225.190798755473224,3688228.892496021930128
250225.119429904996650,3688229.016418486833572
250225.039032941829646,3688229.151671980507672
250224.958350623986917,3688229.275834060274065
250224.905894081777660,3688229.410368710756302
250224.798983498680172,3688229.601798119954765
250224.746812315861462,3688229.747424184344709
250224.684756951552117,3688229.871107038576156
250224.613673473242670,3688230.006120922043920
250224.561216940783197,3688230.140655574854463
250224.499446936941240,3688230.275429844390601
250224.437391579733230,3688230.399112699553370
250224.358421428943984,3688230.589823267888278
250224.296651431446662,3688230.724597537424415
250224.234881438198499,3688230.859371809288859
250224.173111444426468,3688230.994146080687642
250224.102027985354653,3688231.129159968346357
250224.004716265393654,3688231.331441184505820
250223.907689913263312,3688231.544813817366958
250223.845634570607217,3688231.668496677186340
250223.774551121809054,3688231.803510568570346
250223.702896955102915,3688231.916341632604599
250223.641126976901432,3688232.051115908194333
250223.579071641404880,3688232.174798771739006
250223.481474590400467,3688232.365988581441343
250223.419133900228189,3688232.478580032475293
250223.357078570843441,3688232.602262896951288
250223.285424417990725,3688232.715093965642154
250223.204742155852728,3688232.839256064500660
250223.142401472461643,3688232.951847517397255
250223.052120389125776,3688233.065157820004970
250222.944353809347376,3688233.223313013091683
250222.863671556231566,3688233.347475115209818
250222.782418585411506,3688233.449454390909523
250222.682824041461572,3688233.563004315830767
250222.601856434572255,3688233.676075006369501
250222.501976534753339,3688233.778533520177007
250222.411410106666153,3688233.880752416327596
250222.321129038813524,3688233.994062727317214
250222.230562612385256,3688234.096281626261771
250222.130682721035555,3688234.198740143328905
250222.040116298565408,3688234.300959043670446
250221.940236411406659,3688234.403417564928532
250221.840641887596576,3688234.516967498697340
250221.750075473566540,3688234.619186401367188
250221.659223695460241,3688234.710313892923295
250221.559343818953494,3688234.812772417906672
250221.478090874734335,3688234.914751705247909
250221.368897533917334,3688235.017449849750847
250221.287359231559094,3688235.108337726909667
250221.205820930772461,3688235.199225604534149
250221.123997271846747,3688235.279022069647908
250221.042744336300530,3688235.381001360714436
250220.951607212220551,3688235.461037446279079
250220.860755451984005,3688235.552164946682751
250220.734076644177549,3688235.699707990977913
250220.643224888335681,3688235.790835493244231
250220.561971962277312,3688235.892814790364355
250220.471120212401729,3688235.983942294493318
250220.361641531315399,3688236.075549038127065
250220.280388610786758,3688236.177528338041157
250220.180223398725502,3688236.268895464017987
250220.089657016913407,3688236.371114385779947
250219.989777172333561,3688236.473572927061468
250219.889611966063967,3688236.564940057694912
250219.780133297259454,3688236.656546808313578
250219.680253458762309,3688236.759005354251713
250219.580088258517208,3688236.850372488144785
250219.479923060047440,3688236.941739622969180
250219.389071327837883,3688237.032867137808353
250219.243194905313430,3688237.158706619869918
250219.152057812840212,3688237.238742723129690
250219.051892622461310,3688237.330109862145036
250218.960755533073097,3688237.410145968664438
250218.860590348718688,3688237.501513110939413
250218.724312766571529,3688237.638204392511398
250218.578150996414479,3688237.752952469512820
250218.477700451359851,3688237.833228203468025
250218.368221809942042,3688237.924834971316159
250218.267771268467186,3688238.005110707134008
250218.167606094240909,3688238.096477855928242
250218.067155556054786,3688238.176753590814769
250217.957391556410585,3688238.257268952205777
250217.811515170556959,3688238.383108456619084
250217.701751175249228,3688238.463623820338398
250217.601586011180189,3688238.554990977048874
250217.500850115728099,3688238.624175306875259
250217.391086125688162,3688238.704690672457218
250217.272008674626704,3688238.785445663146675
250217.107505377876805,3688238.911764425225556
250216.952315550326603,3688239.037843567784876
250216.842551569192437,3688239.118358941283077
250216.741815684799803,3688239.187543279025704
250216.622738244856009,3688239.268298279028386
250216.512974268960534,3688239.348813656251878
250216.338586793281138,3688239.453189227730036
250216.182826247648336,3688239.557085555978119
250216.063748816523002,3688239.637840562500060
250215.944386016577482,3688239.707504156976938
250215.834051313955570,3688239.765836714766920
250215.705375059886137,3688239.835739936213940
250215.586012264655437,3688239.905403536278754
250215.475677566137165,3688239.963736098259687
250215.291691283287946,3688240.057259901426733
250215.162444293091539,3688240.104980302043259
250215.043081507144962,3688240.174643909092993
250214.913834521867102,3688240.222364313434809
250214.785158277605660,3688240.292267547920346
250214.646312461147318,3688240.329136168584228
250214.507752018165775,3688240.377096203621477
250214.368906206102110,3688240.413964825216681
250214.221317674615420,3688240.473255906719714
250214.082471864705440,3688240.510124533437192
250213.924999130860670,3688240.547472416888922
250213.777125232532853,3688240.595672089140862
250213.619937872048467,3688240.644111387897283
250213.471778605045984,3688240.681219652295113
250213.324190082232235,3688240.740510745905340
250213.111407331074588,3688240.801479227840900
250212.982160359417321,3688240.849199659656733
250212.843314558325801,3688240.886068306397647
250212.714067591237836,3688240.933788741473109
250212.584820625284920,3688240.981509179342538
250212.455859030626016,3688241.040321031585336
250212.317583979078336,3688241.099372514057904
250212.124284280987922,3688241.193136007059366
250212.014234988397220,3688241.262560024857521
250211.903900324134156,3688241.320892629679292
250211.803164497425314,3688241.390077023301274
250211.692829835636076,3688241.448409630451351
250211.583065922575770,3688241.528925068210810
250211.482615471410099,3688241.609200879000127
250211.382165022048866,3688241.689476690720767
250211.281999948230805,3688241.780843917280436
250211.181264128244948,3688241.850028317421675
250211.080813683656743,3688241.930304132867604
250210.989962075196672,3688242.021431734319776
250210.898825093900086,3688242.101467922795564
250210.807973488786956,3688242.192595525179058
250210.716551138320938,3688242.261540302541107
250210.598900656681508,3688242.397752452641726
250210.507763679808704,3688242.477788645774126
250210.416626709280536,3688242.557824838440865
250210.334803197154542,3688242.637621403671801
250210.252979686600156,3688242.717417969368398
250210.179898885922739,3688242.774792077951133
250210.125445007026428,3688242.831686927005649
250210.043336124304915,3688242.900392081122845
250210.034022665058728,3688242.900631710421294
250210.034022665058728,3688242.900631710421294
250210.043336124304915,3688242.900392081122845
250210.043336124304915,3688242.900392081122845
